id	session	source	sentence
eo0001	1	originalaj-frazoj.txt	Mia frato rapide kuris tra la ruĝa koridoro por kapti la lastan trajnon.
eo0002	1	cv	Ĉerniĥovskij estas konata ankaŭ kiel bonega tradukisto.
eo0003	1	cv	Kvin minutojn poste, ŝi prihurlis al li piĵamon.
eo0004	1	cv	Trovinte uzon por la sako enhavinta la nutraĵon kortbirdaran surŝipe, mi elĵetis la ŝelojn.
eo0005	1	cv	Reeĥu la petojn plenanime kaj kore.
eo0006	1	cv	La duone acida, duone apatia mieno montris homon ĥronike malsanan kaj plenumantan neamatan oficon.
eo0007	1	originalaj-frazoj.txt	Ĉu vi jam vidis la novan teatron ĉe la rivero?
eo0008	1	cv	La vizaĝhaŭto ŝrumpis, la korpo velkis, ĉesis kreski barbo.
eo0009	1	cv	Tiam jarmiloj da orienta monarĥio kolapsis.
eo0010	1	cv	Verŝajne juristo ride forĵetus deklaron, kiun oni nur promesas subskribi.
eo0011	1	cv	Larĝranda ĉapelo el delikata pajlo pendis sur ŝia dorso per rubando.
eo0012	1	cv	Torarin pli ﬁrme prenis la kondukrimenon.
eo0013	1	originalaj-frazoj.txt	La ĥoro kantis tiel bele, ke eĉ la direktoro ridetis.
eo0014	1	cv	Tiu teĥnika vorto signifas: perdo de memoreco.
eo0015	1	cv	Ivano la kvara estis altkreska, belstatura kaj larĝŝultra.
eo0016	1	cv	Bonŝance policisto apude deĵoranta alkuris kaj sukcesis pafmortigi la batalhundon.
eo0017	1	cv	La putocentro havis du vizaĝmaskojn kaj delfenoskulptaĵojn.
eo0018	1	cv	Kun fino de la dua mondmilito finis sian agadon ankaŭ vejprta bierfarejo.
eo0019	1	originalaj-frazoj.txt	Ŝi aĉetis du freŝajn panojn kaj belan bukedon da rozoj.
eo0020	1	cv	La loka bazaro estas fama pri teksaĵproduktoj.
eo0021	1	cv	Petr estis tre talenta knabo, kiu revis pri vojaĝoj sur maroj kaj en kosmo.
eo0022	1	cv	Singh komencis sian karieron kiel advokato sperta pri kriminala juro.
eo0023	1	cv	Sur la tuta planko estas disĵetitaj koroj, kiujn la malfeliĉaj sinjoroj perdis!
eo0024	1	cv	Moseo nun trinkis sufiĉe kaj li estas vestata per la novaj neĝblankaj vestetoj.
eo0025	1	originalaj-frazoj.txt	Hieraŭ ni promenis laŭ la bordo ĝis la malnova ponto.
eo0026	1	cv	Aĥ, sed baldaŭ ŝi aspektos malsame, bonŝance!
eo0027	1	cv	Ili purigis sin kaj la malpuron en maron enĵetis.
eo0028	1	cv	La opinio de la monetaristoj kompreneble ne restis sen obĵetoj.
eo0029	1	cv	Do, ni havas lardon, ovaĵon kaj terpomon kun kolbasoj kaj oranĝsuko, kaj tiel plu.
eo0030	1	originalaj-frazoj.txt	Mi ne scias, kial la sciencisto subite ĉesis paroli.
eo0031	1	cv	Aĥ fek' kaj tio estas ĉio
eo0032	1	cv	Plurmil tunoj da fiŝoj flosantaj sur riversurfaco; formortintaj planktoj, larvoj; kadavroj de venenitaj birdoj.
eo0033	1	cv	Inter nunaj vidindaĵoj menciindas la preĝejo kun mudeĥara sonorilturo.
eo0034	1	cv	La plej vidindaj el ili estas platanaceraj arbaroj, pinaj arbaretoj kaj surrokaj montarherbejoj.
eo0035	1	cv	Ĝin precipe influis superfluo de nutraĵvaroj en la interna merkato.
eo0036	1	originalaj-frazoj.txt	La knabino ĵetis la pilkon trans la barilon de la najbaro.
eo0037	1	cv	Sed nek skribaj, nek arĥeologiaj pruvoj pri ĝia ekzisto estas.
eo0038	1	cv	Kazimierz konkurencas kun sia nevo.
eo0039	1	cv	Ha! frateto, ekkriis la vojaĝanto, tremetante pro kortuŝeco kaj plezuro; vi tiamaniere min perfide ekkaptas!
eo0040	1	cv	Fek, kiel terura diraĵo. Ne gravas. Ĝis.
eo0041	1	cv	Ĥlopko distranĉis la ŝnuron sur liaj brakoj.
eo0042	1	originalaj-frazoj.txt	Eŭropaj urboj ofte havas mallarĝajn stratojn kaj grandajn placojn.
eo0043	1	cv	Nun en ili ekzistas paroĥo, sed monaĥejo ne estis refondita.
eo0044	1	cv	Li skribis kvar proprbiografiajn librojn.
eo0045	1	cv	Ni versaĵne simple rigardus ĝin kaj pensus
eo0046	1	cv	Ŝi parolis germane, ĉeĥe, itale, pole, france, post la geedziĝo ankaŭ hungare, fine rumane.
eo0047	1	cv	Udgir kaj la proksimaj vilaĝoj ekonomie dependas plejparte de la agrikulturo.
eo0048	1	originalaj-frazoj.txt	Bonvolu ne forgesi la ŝlosilon, kiam vi foriros.
eo0049	1	cv	Estas ankaŭ kvin verbvoĉoj: aktiva, pasiva, reciproka, neŭtra kaj unipersona.
eo0050	1	cv	Estas: lia animo de geniulo, kiu donas al liaj vortoj superhoman, magian ĉarmon.
eo0051	1	cv	La kverkĝemela komunumo klopodas por esti modelo por taŭga ekologia konduto.
eo0052	1	cv	Poste ŝi, preterpasante, deprenis de apuda breto unu fruktaĵujon.
eo0053	1	originalaj-frazoj.txt	Ni manĝis kukon kun fragoj kaj trinkis varman kafon.
eo0054	1	cv	Okaze de la ceremonio de ĉi ties naskiĝtago, li ektrovis lian manĉuran familian nomon.
eo0055	1	cv	Erfurdt tie kelkloke enmetis siajn personajn plibonigkomentojn.
eo0056	1	cv	Ho! negravaĵo! Kuglo, kiu tuŝetis mian ŝultron.
eo0057	1	cv	Tie kuŝis diversspecaj vestoj, interalie orŝtofa kaftano, kvazaŭ bojara.
eo0058	1	cv	Tiamaniere ni iradis ĝis ni venis al la arbetaĵlimo.
eo0059	1	originalaj-frazoj.txt	La radio anoncis, ke morgaŭ pluvos la tutan tagon.
eo0060	1	cv	Rekte malagrable tamen sonas: sorĉitae, kurantae, naturoa, nuloa kaj du similaj pli.
eo0061	1	cv	Ankaŭ ĉe la marksuhla kastelo tiu ĉi duko engaĝiĝis alkonstruade.
eo0062	1	cv	Mi perﬁdis vin, li diris.
eo0063	1	cv	Dum la socialismo kolĥozo funkciis, kies kampoj estis disdonitaj inter la vilaĝanoj.
eo0064	1	cv	Ilberg famis pli kiel gimnazipraktikulo ol scienculo.
eo0065	1	originalaj-frazoj.txt	Ĉiun matenon mia avo legas la ĵurnalon en la ĝardeno.
eo0066	1	cv	Nur usonanoj turismantaj ekster sia lando sentas la kurzfluktuojn.
eo0067	1	cv	Maĥiac turnis sin al la stelo denove, kaj ekparolis.
eo0068	1	cv	Oni kredis ke tiu terapio taŭgis por preskaŭ ajna malsano inkluzive de ĥolero.
eo0069	1	cv	Ĉu vi legis tion? Bone? Leginte? Bone.
eo0070	1	cv	Ho. Haaaa, vi devas salti sur la boatojn, kaj tiam vi povas manĝi ilin.
eo0071	1	originalaj-frazoj.txt	Kiam la trajno ekveturis, la infanoj ekkriis pro ĝojo.
eo0072	1	cv	La vesperon mem, la du sinjorinoj plenigis siajn vojaĝkestojn.
eo0073	1	cv	Se ne ekzistus superjaroj, la jubilea jaro okazus ĉiun sepan jaron.
eo0074	1	cv	La dissonanta bruo de la nerva luktado por vivo aŭdiĝas ĥaose per mallaŭta murmuro.
eo0075	1	cv	Tiu vilaĝnomo estas la plej longa en la hungara lingvo.
eo0076	1	originalaj-frazoj.txt	Ĥemio estis lia plej ŝatata fako en la lernejo.
eo0077	1	cv	Vian vivon ĝuu, sed fremdan ne detruu.
eo0078	1	cv	Azerbajĝano ne situas tro for, tamen sen limpasejo.
eo0079	1	cv	Inverse mi ne povas per ŝmirmono persvadi policanon rezigni pri punmono pro trafikdelikto.
eo0080	1	cv	Estis la tempo, ni ne komprenis — pasis la tempo, la saĝ' al ni venis.
eo0081	1	cv	Krom tio multaj paroĥaj ĥoroj estas interne organizitaj en asociaj strukturoj.
eo0082	1	originalaj-frazoj.txt	La pordisto rigardis nin suspekteme kaj demandis pri niaj nomoj.
eo0083	1	cv	Sed kial la verba radiko konserv, entenata en konservanto, ne rajtu havi akuzativan objekton?
eo0084	1	cv	Kompreneble ne, ŝi interĵetis kun malbela mokrido.
eo0085	1	cv	Malpli da lokoj permesas submaran fiŝkaptadon kun spira premaerujo ol sen tio.
eo0086	1	cv	La lastaj estas tumoraj, ĥirurgiaj, koraj, genetikaj, psikaj kaj aliaj malsanoj.
eo0087	1	cv	Do mi devas esti zorgema. Eble ili estas ĉi tie! Ho!
eo0088	1	originalaj-frazoj.txt	Ŝajnas al mi, ke la vetero baldaŭ pliboniĝos.
eo0089	1	cv	Do, ĉu estas esperantistoj tie? aŭ nur vi? en la montoj?
eo0090	1	cv	Nu bone! interrompis mia patrino, nur daŭrigu legi, kaj li legis plue:
eo0091	1	cv	Lichess havas esperantlingvan interfacon jam de kelkaj jaroj.
eo0092	1	cv	Tiu ĉi kampanjo estis kunigita kun vulgara premo al la ĉeĥoslovaka registaro.
eo0093	1	cv	Ŝi famiĝis inter la du mondmilitoj kiel brila vojaĝverkistino.
eo0094	1	originalaj-frazoj.txt	Li promesis telefoni al ŝi ĵaŭde vespere.
eo0095	1	cv	En ĝia mezo, kvazaŭ bela juvelaro, staris la domego, turohava kaj parte hederokovrita konstruaĵo.
eo0096	1	cv	La riĉe ornamita okcidenta portalo klare devenas el la epoko de gotika arĥitekturo.
eo0097	1	cv	Ne menciitaj vilaĝservoj estas biblioteko, kulturdomo, interreta domo, kuracejo, apoteko.
eo0098	1	cv	Vi pentos iam vian konduton, kiam mi estos for!
eo0099	1	cv	Vanesa ronronas pro ĝuo, ĉar vampiroj amas sangon, kiel homoj amas bieron: bele ŝaŭmanta.
eo0100	1	originalaj-frazoj.txt	Kiu prenis mian krajonon el la tirkesto?
eo0101	2	cv	La loĝdenso estas pli malalta en la pli ĵuse evoluinta parto ekster la muroj.
eo0102	2	cv	Tie ĉi li havis sufiĉe da tempo agadi kiel verkisto paralele al la paroĥestraĵoj.
eo0103	2	cv	Seshora marŝo, malsato, emocio, surprizo, estis facile senfortigintaj tiun delikatan naturon.
eo0104	2	cv	Nu, lasu min vin adopti laŭleĝe; portu mian nomon; estu miaj filoj.
eo0105	2	originalaj-frazoj.txt	La ruza vulpo atendis kaŝite malantaŭ la arbusto.
eo0106	2	cv	Mi estas sendube tre eraripova, kaj mi ĉiam bonvenigas kontraŭargumentadon.
eo0107	2	cv	Tipe jen teĥnikisto, programisto, aŭ vendisto pri iu kosta oficeja teĥnikaĵo.
eo0108	2	cv	Etila bikarbonato uzatas en orgnaikaj sintezoj kaj en la fabrikado de farmaciaĵoj.
eo0109	2	cv	La vino ne gravas! la suko! aĉa suko!
eo0110	2	cv	Malantaŭ la domo, profunda akvofosaĵo limas kun ĝardeno kaj najbara tereno nordflanke.
eo0111	2	originalaj-frazoj.txt	Ni bezonas pli da seĝoj por la gastoj.
eo0112	2	cv	Ĉu vi ornamos miajn kufojn per la nova garnaĵo, diru?
eo0113	2	cv	Knabinoj ludadis paradizludon aŭ ŝnursaltis, kaj ofte dumlude kantis aŭ recitis rimaĵojn.
eo0114	2	cv	Iam novbakitaj esperantistoj ekverkis poemojn kaj reformproponojn.
eo0115	2	cv	La malsano ne ignoris monarĥojn.
eo0116	2	cv	Malgraŭ nomo ĝia ne temas nur pri porjunulara societo.
eo0117	2	originalaj-frazoj.txt	Mi preferas legi librojn ol spekti televidon.
eo0118	2	cv	La kolekto de la imperia guzijian universitato ankaŭ estis transdonita.
eo0119	2	cv	Kvin, kiu kun zorgplena vizaĝo konstante rigardadis trans la ĝardenon, ekkriis.
eo0120	2	cv	Li surhavis longan orŝtofan superveston, borderitan per perloj kaj juveloj.
eo0121	2	cv	Vi estas ja tro brava ulano, kiun neniu ĉevalo povus deĵeti, ĉu ne vere?
eo0122	2	cv	La slovenoj parolis tiam pri odcepitev, kiu efektive aludas sendiskutan disiĝon.
eo0123	2	originalaj-frazoj.txt	La infanoj konstruis kastelon el sablo apud la maro.
eo0124	2	cv	Jes, kiel muŝoj ĉirkaŭ sukero aŭ teologo ĉirkaŭ paroĥo!
eo0125	2	cv	Pasis ankaŭ kun harpoj surŝultre blindaj harpistoj kaj fabelkantistoj, sin subtenante reciproke.
eo0126	2	cv	La kirko malfermiĝas kaj por diservoj kaj por kulturaj okaigzoj.
eo0127	2	cv	Ŝi estas nur kvarjara – mi diris.
eo0128	2	originalaj-frazoj.txt	Ĉu vi povus helpi min porti tiujn pezajn kestojn?
eo0129	2	cv	Deziru, ne deziru — ordono estas, iru!
eo0130	2	cv	Li naŭze fintrinkis lastan kafgluton kaj foriris el la bufedejo.
eo0131	2	cv	Restu, kie vi kuŝas, ĝis la ŝipo pereos; tiam, pereu vi kune kun ĝi.
eo0132	2	cv	Ĝi ekzistas prefere en ĵazo, sed ankaŭ en rok- kaj popmuziko.
eo0133	2	cv	Estas faritaj individue aŭ univerzale.
eo0134	2	originalaj-frazoj.txt	Lia voĉo tremis, kiam li komencis sian paroladon.
eo0135	2	cv	Tradukita al la belorusa, rusa, franca, ĉeĥa, germana, slovena kaj ukraina.
eo0136	2	cv	Mi traktas kun vi laŭ konscienco, kaj vi ĉiam penas min superruzi.
eo0137	2	cv	Tiuj soldatoj havis platajn rektangulajn korpformojn—same kiel la tri ĝardenistoj.
eo0138	2	cv	La fianĉfesto okazis laŭ la gjakovaj tradicioj.
eo0139	2	cv	Sed saĵnas ke mi estas unu el tre malmultaj kiuj agas tiamaniere.
eo0140	2	originalaj-frazoj.txt	Estas tre agrable sidi ĉe la fenestro kaj rigardi la pluvon.
eo0141	2	cv	La ĉefaj vortklasoj estas: substantivoj, verboj, adjektivoj, adverboj, pronomoj, numeraloj, verbaj adverboj, participoj.
eo0142	2	cv	Do, jen la retejo! Ĝi fakte estas persona blogo kaj sendis ĝin al mi
eo0143	2	cv	Rigardu tion; ŝia haŭto! ho ve! tiom multe da faldoj
eo0144	2	cv	Tiu metodo estas mirinde efika kaj ergonomia kompare kun la uzado de reĝimŝanĝaj klavoj.
eo0145	2	cv	Jen leviĝis monaĥoj, maljunuloj, monaĥinoj, ĉiuj nigrevestitaj, ĉiuj palaj, sangkovritaj.
eo0146	2	originalaj-frazoj.txt	La kuracisto diris, ke mi devas ripozi almenaŭ tri tagojn.
eo0147	2	cv	Ĉu estas konsilinde kuniĝi kun li, disĵetante niajn barikadojn?
eo0148	2	cv	Stella ekĝemis kaj murmuretis duone por si mem: « Ha, jes! »
eo0149	2	cv	Ĝi do estas marsrenkonta, terrenkonta kaj venusrenkonta asteroido.
eo0150	2	cv	Kaj filmeron pri brita soldato bruske ordonanta en la angla lingvo, ke civilulo surgenuiĝu?
eo0151	2	originalaj-frazoj.txt	Ili renkontiĝis hazarde en malgranda kafejo en la centro.
eo0152	2	cv	Policisto, vidante oranĝkoloran biciklon for de signita vojo, petos, ke oni tuj tien revenu.
eo0153	2	cv	Ĝuste tiam, mia bona gardhundo falis senviva ĉe miaj piedoj.
eo0154	2	cv	Hodiaŭ vizitantoj povas denove trairi tra la subterejo de la fuortaro.
eo0155	2	cv	Ĝis nun li eĉ ne konsentas, ke mi fariĝu okolniĉij.
eo0156	2	cv	La vortoj de l' fantomoj estis ripetataj per centvoĉa eĥo.
eo0157	2	originalaj-frazoj.txt	Mi trovis tiun malnovan leteron en la subtegmento.
eo0158	2	cv	Preskaŭ ĉiuj surdmutuloj havas la saman karakteron.
eo0159	2	cv	Vokala harmonio estas tipa trajto de tjurkaj lingvoj, kaj ankaŭ la kirgiza havas ĝin.
eo0160	2	cv	Tio estas la intenco de la kampanjo, ĉu ne? ĝi estas interesa.
eo0161	2	cv	Suspektataj homoj, ekzemple, ofte ne portas fotilon aŭ vidbendkameraon.
eo0162	2	cv	Kahelaro de eŭklida spaco povas esti konsiderata kiel malfinia hiperpluredro.
eo0163	2	originalaj-frazoj.txt	La ĉevaloj galopis tra la herbejo sub la brilanta suno.
eo0164	2	cv	La ĉefa vivtenado estis agrikultuuro.
eo0165	2	cv	Oni eĉ verŝis sur stratojn akvon per akvumaŭto por preventi venton forblovi koton.
eo0166	2	cv	De dudeko da jaroj li hejmenportas lignopecojn diversgrandajn, kiuj inspiris lin.
eo0167	2	cv	Kelkfoje sur rizsakego estis presita nur la loknomo de la produktejo.
eo0168	2	cv	La vorttrezoro de iu lingvo – formale – troviĝas en vortaro.
eo0169	2	originalaj-frazoj.txt	Kiom da tempo vi bezonas por veni ĉi tien per biciklo?
eo0170	2	cv	Poiome ni vidos, kiel strukturi plej konvene tiujn subbranĉojn.
eo0171	2	cv	Tamen, tio baldaŭ pruvis ne daŭripova do li prenis ĉion kaj forĵetis ĝin
eo0172	2	cv	Uzantoj nepre ne forgesu legi la – nur unupaĝan – antaŭparolon kaj uzindikojn.
eo0173	2	cv	Okej. Unue, iru rekte al tiu templo.
eo0174	2	cv	Dneboh estas ankaŭ nomo de katastra teritorio.
eo0175	2	originalaj-frazoj.txt	La leciono komenciĝas precize je la oka kaj duono.
eo0176	2	cv	Li estis romia katolika pastro de sia naskiĝvilaĝo vilaĝo.
eo0177	2	cv	La tempo investita en kreado de komputila arĥivo estas rapide regajnita.
eo0178	2	cv	Davido kapkline silente salutis la kunvenintaron kaj prenis nigre purpuran ribsukon de la pleto.
eo0179	2	cv	Estu singarda, bojaro kara: gardatan ŝafon eĉ lupo timas!
eo0180	2	originalaj-frazoj.txt	Ŝi ĉiam portas ruĝan ĉapelon, eĉ kiam estas varme.
eo0181	2	cv	Hej! Hej! Kaj mi diros ĝin en esperanto por vi.
eo0182	2	cv	Ne tiom multa. Sed tiam en tiu momento ĉiuj volas fuĝi!
eo0183	2	cv	Ene de frazo povas troviĝi alia frazo, kiu rolas en la ĉeffrazo kiel frazparto.
eo0184	2	cv	La rezultoj estis publikigitaj merkrede posttagmeze laŭ la centreŭropa horo.
eo0185	2	cv	Ma ĝi estas ak tasko: elĉerpi kaj ekspluati ĝiajn riĉaĵojn prenos jarojn.
eo0186	2	originalaj-frazoj.txt	Ni ŝatas kanti kune, kvankam neniu el ni kantas bone.
eo0187	2	cv	Amaskomunikiloj “aŭdeblas” nekompareble pli, sed ĉu sufiĉe por ke la ĵuĝo atentu ilin?
eo0188	2	cv	Li kantas slovake kaj ĉeĥe.
eo0189	2	cv	Pliaj ekzemploj listiĝas en la artikolo baraĵlago.
eo0190	2	cv	Mi laŭeble penadis naĝi supraĵe, entenante mian spiron, por tiun fari.
eo0191	2	cv	Estas tre stranga! Mi neniam antaŭe en mia vivo, estas tiom multe intervjuita!
eo0192	2	originalaj-frazoj.txt	La ĵurnalisto skribis artikolon pri la nova lernejo.
eo0193	2	cv	Normalokaze ĵaŭdo estis la oficiala tutdungitara preĝa tago.
eo0194	2	cv	Tobiasz ne prezentis hodiaŭ iajn motivojn por sia demisio, li simple anoncis ĝin.
eo0195	2	cv	Ĝi helpos kiel hirud' al mortinto.
eo0196	2	cv	Ho, kiom mi antaŭĝuas vian parolon!
eo0197	2	cv	Tute sovaĝa loko, kaj eĉ ĉiuj radsignoj estas kovritaj de herbaĵo!
eo0198	2	originalaj-frazoj.txt	Hodiaŭ la ĉielo estas tute sennuba kaj blua.
eo0199	2	cv	Eksaj naciismaj aŭ marksismaj aktivuloj turniĝis al novliberalismo kaj al usoneca novkonservatismo.
eo0200	2	cv	Sribd permesas per ĝia teknologio ke iu ajn dokumento povas fariĝi retpaĝo.
eo0201	3	cv	Niaj perdoj de pasinta lundo faris breĉon en nia budĝeto.
eo0202	3	cv	Hahaha. Tio tute ne eblas
eo0203	3	originalaj-frazoj.txt	Mi aŭdis strangan bruon el la kuirejo.
eo0204	3	cv	Tio estis tiu desegnaĵo, kiu estis forrifuzita de ŝiaj pandonantoj kaj redonita al ŝi.
eo0205	3	cv	Aliaj moroj estas nek hindaj nek portugalaj, sed unike goaaj.
eo0206	3	cv	Artfajraĵoj kreas poluadon, pri kiu ni ne zorgas.
eo0207	3	cv	Ili estas ofte konstruitaj en fermitaj spacoj super, aŭ ĉe, fluanta akvo.
eo0208	3	cv	Ni nur trovis ilin malantaŭ la legomĝardenoj, kie ili estis gardataj.
eo0209	3	originalaj-frazoj.txt	La reĝo regis la landon dum tridek longaj jaroj.
eo0210	3	cv	La surfaco de la glando estas kovrita de pia mater.
eo0211	3	cv	Laŭ israela raporto misfunkciis la bremsoj de aviadilo staranta sur deteriĝejo.
eo0212	3	cv	Manieroj fari fromaĝkruston estis trovitaj en diversaj landoj.
eo0213	3	cv	El kanto oni vortojn ne elĵetas.
eo0214	3	cv	Morozov sidis en sia ĉambro ĉe la kverkligna tablo.
eo0215	3	originalaj-frazoj.txt	Ĉu vi konas iun, kiu povas ripari mian horloĝon?
eo0216	3	cv	Mi povus aĉeti bileton por sephora busvojaĝo, sed mi ne ŝatas vojaĝi tiel.
eo0217	3	cv	Pri dediĉo al brutobredado kaj al vagkomercado estas kapro kaj stangpesilo en la blazono.
eo0218	3	cv	Miloj da infanoj, malsanuloj kaj maljunuloj estis murditaj surloke: mortpafitaj aŭ mortbatitaj.
eo0219	3	cv	Kelkmiloj da ĉevaloj, gardataj de baŝkiroj, sin paŝtis en la apuda stepo.
eo0220	3	cv	Tiutempe li estis ankaŭ drumisto en ŝlagrorkestro.
eo0221	3	originalaj-frazoj.txt	La bakisto vekiĝas tre frue por prepari la panon.
eo0222	3	cv	Cikloheptila izobuterato prezentas izobutanatan grupon ligitan al cikloizobutila grupo.
eo0223	3	cv	Tamen, pro ĝia orbita klinangulo, ĝia perihelio restas sufiĉe malproksima de la marsa orbito.
eo0224	3	cv	Sejŝeloj estas ĉirkaŭataj de samnoma mara ekoregiono.
eo0225	3	cv	Deflankiĝu, sklavoj, donu lokon al la nova arlekeno!
eo0226	3	originalaj-frazoj.txt	Post la koncerto la muzikistoj ricevis grandan aplaŭdon.
eo0227	3	cv	Joseph provizis bildojn por multaj el ŝiaj libroj.
eo0228	3	cv	Meĥaniko eble estas la primara kaj originala fako de fiziko.
eo0229	3	cv	He! ĉu estas vi? mi demandis, larĝe malfermante la okulojn.
eo0230	3	cv	La eksplodo estintus – kiel decas – subita, unufrapa kaj detruega.
eo0231	3	cv	Oni ĝenerale opinias ke ŝi estis ĵazmuzikisto sed ne plaĉis al ŝi tia klasifikado.
eo0232	3	originalaj-frazoj.txt	Mia onklino loĝas en vilaĝo inter du montoj.
eo0233	3	cv	Szeged estas ankaŭ sidloko de romkatolika diocezo.
eo0234	3	cv	Pli malfrue li tamen evoluigis propran verkfaristan econ laŭ libera realismo.
eo0235	3	cv	Krome oni tute ne povas scii, kiujn kontraŭrimedojn ellaborus la celataj kanajlo– ho pardonu!
eo0236	3	cv	La infanoj eĉ ŝatas tiun amuzan buŝgimnastikon.
eo0237	3	cv	Bluhaŭta raŭpo serene fumas longan turkan pipon.
eo0238	3	originalaj-frazoj.txt	La scivolema kato rampis en la keston kaj ekdormis.
eo0239	3	cv	Ja tie estas, verŝajne, la deirpunkto de lia politika engaĝiĝo.
eo0240	3	cv	Jafet, divenante mian intencon, kuris bojante eksterdomen.
eo0241	3	cv	Sed foje okazis dum ĉasado jen kio: la caro proponis vetan arkpafadon.
eo0242	3	cv	Rigardu ĉi tion. Fek, jes.
eo0243	3	cv	Evidentaj ekzemploj, inter aliaj, estas la novhebrea, la indonezia kaj la slovaka.
eo0244	3	originalaj-frazoj.txt	Ni devos aĉeti novan tapiŝon por la salono.
eo0245	3	cv	La senviandaj palafitoj de la vilaĝeto situis inter forhakitaj branĉoj en subakvigita marĉo.
eo0246	3	cv	Li verkis ĉeĥe kaj germane.
eo0247	3	cv	Maĥiac, ĉu pro timo aŭ malpacienco, komencis koleriĝi je la stelo ridanta.
eo0248	3	cv	Fakte, li studas naŭ lingvojn naŭ? naŭ
eo0249	3	cv	Jen supre ekaperas refoje ŝvebpendanta nubego.
eo0250	3	originalaj-frazoj.txt	La ventego rompis plurajn branĉojn de la granda kverko.
eo0251	3	cv	Serioza malavantaĝo: ĉiu ano de teamo suferas se servilo rompiĝas.
eo0252	3	cv	Li vespermanĝis en la kuirejo kaj senbrue, fingropinte li eniris la dormĉambron.
eo0253	3	cv	Ho fek! Mi devas naĝi, mi devas trovi ĝin.
eo0254	3	cv	Sed la khojoj ne perdas la kuraĝon antaŭ malfacilaĵoj.
eo0255	3	originalaj-frazoj.txt	Kial vi ne respondis al mia lasta mesaĝo?
eo0256	3	cv	Komparante la sunhorloĝon kun bona poŝhorloĝo, oni certiĝos pri la ĝusteco de la unua.
eo0257	3	cv	Etila benzoilformiato estas observata en la metabolo de la kancero en mamuloj.
eo0258	3	cv	Kaj same pri la glaciblokaj laŭmuraj dormbenkoj, kiujn vi nomas litoj.
eo0259	3	cv	Sed ni ĝue ĵuras, ke tio estas nura pura hazardo.
eo0260	3	cv	Post la divorco ŝi edukis la infanojn en loĝadkomunumo kun alia soleedukantino.
eo0261	3	originalaj-frazoj.txt	La juna pentristo montris al ni siajn plej novajn bildojn.
eo0262	3	cv	Kutime estas loko dediĉata al ĥoro, kvankam ne necese.
eo0263	3	cv	Li vivtenis sin en diversaj nejuraj laboroj.
eo0264	3	cv	La simptomoj estas neerarigaj, daŭrigis la kuracisto.
eo0265	3	cv	La komitato kunsidas en glacihokea areno.
eo0266	3	cv	Kompreneble, ni havas fejsbukan paĝon, kaj tviterajn kontojn
eo0267	3	originalaj-frazoj.txt	Ĉiuj aplaŭdis, kiam la rakontisto finis sian historion.
eo0268	3	cv	Viaj malamikoj povas poste venĝi – kaj la familiaj rilatoj malboniĝos.
eo0269	3	cv	Stanislas intertempe trinkis avide la buljonon, ĉar li estis malsata kaj soifa.
eo0270	3	cv	Aĥ, kia domaĝo, ke ne mi sed vi lin renkontis!
eo0271	3	cv	Ĉiuj ŝtataj dokumentoj nepre estas skribataj dulingve: ruse kaj ĉuvaŝe.
eo0272	3	cv	Nun vi ankaŭ obeu: obei ja estas pli bone.
eo0273	3	originalaj-frazoj.txt	Mi ne kredas, ke li diris la veron.
eo0274	3	cv	Senarbarigo minacas la populacion de tiu specio, sed ne nur.
eo0275	3	cv	Eble tial, ke la sonoj trovis en mia koro oportunan eĥon.
eo0276	3	cv	Hastings, la loko de la decida batalo situas en tiu areo.
eo0277	3	cv	En la sekva jaro li aliĝis al subgrunda muzikgrupo.
eo0278	3	originalaj-frazoj.txt	La biblioteko fermiĝas frue sabate.
eo0279	3	cv	Houston estas la tria plej uzata usona marhaveno.
eo0280	3	cv	Heroaĵo certe ĝi ne estas, sed forta decidemo estis necesa.
eo0281	3	cv	Tang ankaŭ estis dua vicprezidanto kaj vicĉefministro.
eo0282	3	cv	La tutan kostumon ili firme fiksas per zono.
eo0283	3	cv	Sed, jen vidu ? la reĝo venas.
eo0284	3	originalaj-frazoj.txt	Ŝi rigardis min kun miro, kvazaŭ mi estus fremdulo.
eo0285	3	cv	Multon mi devis ĉirkaŭhaki, anstataŭigi, korekti kaj radike transformi.
eo0286	3	cv	Neniu povas ĝin diveni: tio dependos de la nova juĝesploro.
eo0287	3	cv	Tradicie, panĝaba identeco estas ĉefe lingva, geografia kaj kultura.
eo0288	3	cv	Sed se vi tiam trafus en miajn manojn, estus alia afero, ne ofendiĝu!
eo0289	3	cv	Se la interpretisto tradukus kvazaŭ maŝino, vorton per vorto, tio kondukus al sensignifaĵo.
eo0290	3	originalaj-frazoj.txt	La patro rakontis al la infanoj fabelon pri drako.
eo0291	3	cv	Ekipaĵo de la preĝejo estas novgotika.
eo0292	3	cv	Li ĵonglas per nomoj de personoj, institutoj kaj verkoj, per titoloj kaj per vortludoj.
eo0293	3	cv	Similis al eta kubo, sur kiu videblis iuj hieroglifoj.
eo0294	3	cv	Mi havas la paciencon vin sekvi nemanĝinte, ĝis tiu abomena vilaĝo; kaj vilaĝanoj foriris!
eo0295	3	cv	Sekve temas pri la plej loĝata horzono de la mondo.
eo0296	3	originalaj-frazoj.txt	Ni vojaĝis per ŝipo de unu insulo al alia.
eo0297	3	cv	Ni envolvis lin en mortkitelon, kaj kun profunda malĝojego, entombigis lin en la maro.
eo0298	3	cv	Laŭ polica estro tiel okazis pro neglektemo flanke de la deĵorantaj policistoj.
eo0299	3	cv	En la baziliko ĥoro funkcias.
eo0300	3	cv	Arĥeologiaj trovoj tamen pruvas pli fruan ekziston de la setlejo.
eo0301	4	originalaj-frazoj.txt	Ĉu vi preferas teon aŭ kafon matene?
eo0302	4	cv	La moderna perua armeo kutimas celebri la datrevenon de tiu batalo.
eo0303	4	cv	Zamenhof, kiu verkis kaj diskonigis ĉi tiun lingvon.
eo0304	4	cv	Fine, ĉiuj ili, sep inoj kaj tri viroj, konfesis publike en la paroĥa kirko.
eo0305	4	cv	La reprodukta sezono dependas laŭ regionoj el pluvokvanto kaj manĝodisponeblo.
eo0306	4	cv	Oni klasifikas la malsano kiel akuta polineuropatio.
eo0307	4	originalaj-frazoj.txt	La aŭtobuso malfruis, do mi alvenis tro malfrue.
eo0308	4	cv	Vi realigis ĉi tiun aplikaĵon. Amikumu estos
eo0309	4	cv	Lia preĝemo etendiĝis eĉ al teĥnikaj aferoj.
eo0310	4	cv	Okazis turniro, oni kantis, dancis kaj muzikadis kaj la festo dauris multajn sinsekvantajn tagojn.
eo0311	4	cv	Post la diplomo li jam estis plenrajta kameraisto.
eo0312	4	cv	“Tiel, mi estos videbla!” pensas la vulpo.
eo0313	4	originalaj-frazoj.txt	La ĝardenisto plantis rozojn laŭ la tuta muro.
eo0314	4	cv	Tio tamen sufiĉas por ke la bahaanoj uzu ĝin, kiam necesas arbitre elekti nombron.
eo0315	4	cv	La katedralo, nun en ruinoj, estis konsiderata kiel ĉefverko de la kartvela mezepoka arkitekturo.
eo0316	4	cv	Ŝi faris ankaŭ voĉrolojn en animaciaj filmoj kaj televidserioj.
eo0317	4	cv	Trujillo, pro la kresko de la populacio, pli kaj pli etendiĝis ekster tiuj muregoj.
eo0318	4	cv	Vi atendas la eksplodon por ĵeti vin viavice en la arenon.
eo0319	4	originalaj-frazoj.txt	Ili diskutis la aferon ĝis malfrue en la nokto.
eo0320	4	cv	La vendocifero kreskis kaj venis pliaj emisioj de akcioj, kies valoro plurobliĝis.
eo0321	4	cv	Sed ĵazo evoluis aparte de frapa dancado kaj iĝis nova aparta formo.
eo0322	4	cv	Marto. Ŝi estas ege malbona jutubisto, ege maldiligenta
eo0323	4	cv	Jam unuapaŝe formiĝis la ĉina nukleoelektra industrio.
eo0324	4	cv	Arbetoj kaj ŝtonegoj, sub neĝtavolo, ne plu distingeblas.
eo0325	4	originalaj-frazoj.txt	Mi forgesis mian ombrelon en la tramo.
eo0326	4	cv	Ah, vi jam forgesas. Hieraŭ mi laboris kun vi
eo0327	4	cv	Mia plej nova kaj plej ŝatata filmo aŭ lumdiskego, rigardu ĝin: tute detruita.
eo0328	4	cv	Hue forĵetis la ŝelojn sur la stratojn.
eo0329	4	cv	Trie, multaj nun mallertas, uzante manĝobastonetojn.
eo0330	4	originalaj-frazoj.txt	La profesoro skribis la formulon sur la nigran tabulon.
eo0331	4	cv	Tiu lasta koleriĝis, prenis duan panbulon kaj ĵetis ĝin sur la forkurantan knabon.
eo0332	4	cv	Garrett kandidatis kaj estis elektita.
eo0333	4	cv	Kaj ni ankaŭ ekhavis lampŝirmilon.
eo0334	4	cv	Neniu rajtis eniri la iom fore situantan domon; eblis tamen urĝokaze telefoni.
eo0335	4	cv	Ĝi konsideratas cerba nervo, sed parte fontas el la mjelo.
eo0336	4	originalaj-frazoj.txt	Kiam vi revenos, ni festos per granda vespermanĝo.
eo0337	4	cv	La droŝkoj kaj kaleŝoj iom maldensiĝis.
eo0338	4	cv	Ho jes, la grizhara profesoro ploregis.
eo0339	4	cv	Egbaoj estas ĉefa popolo en la areo.
eo0340	4	cv	Bird muzike spertas pri violono, gitaro, voĉo kaj aliaj muzikiloj.
eo0341	4	cv	Eĉ la plej ekzotaj bestoj en zoologiaj ĝardenoj estas minacataj tiamaniere!
eo0342	4	originalaj-frazoj.txt	La ĥaoso en la stacidomo estis neimagebla.
eo0343	4	cv	Por tion kompreni, taŭgas mallonge resumi la lastjarajn okazaĵojn en la eŭska konflikto.
eo0344	4	cv	Tamen la teknikaj mirakloj atingis naturlimojn – la akvorezervoj estas elĉerpitaj en multaj lokoj.
eo0345	4	cv	Transgena tabakplanto sin lumiganta per lumo de lampiro.
eo0346	4	cv	Ho, ve. Ĝi aspektas preskaŭ samkiel la mia!
eo0347	4	cv	La patrino estas sepdekjara, la fratino kvindek.
eo0348	4	originalaj-frazoj.txt	Bonvolu paroli iom pli malrapide, mi ankoraŭ lernas.
eo0349	4	cv	Ili serĉas nutradon surgrunde, inter seka subkreskaĵaro, aŭ inter arbustoj.
eo0350	4	cv	Ĉu la lastatempaj eventoj iel influis la preparadon, aŭ la lisbona karavano trankvile vojis?
eo0351	4	cv	Donu ankoraŭ plumingon, kelkajn plumojn, krajonon, botelon da nigra inko kaj skrapgumon.
eo0352	4	cv	Konduktoro, ĉu ĉiuj kupeoj estas okupitaj? tiuj viro kaj virino serĉas lokon.
eo0353	4	originalaj-frazoj.txt	La kamparano ŝarĝis la ĉaron per freŝa fojno.
eo0354	4	cv	La frenezulo etendis ambaŭ manplatojn, sed tuj fortiris ilin, kaj la mono disŝutiĝis teren.
eo0355	4	cv	La partnera rilato ĉe korvedoj estas ege forta kaj eĉ dumviva ĉe kelkaj specioj.
eo0356	4	cv	Tio estas la radikoj de la kristana monaĥeco.
eo0357	4	cv	Inoj kaj nematuruloj estas grizbrunaj kape kun hela gorĝo kaj nekompleta okulringo.
eo0358	4	cv	Pro agrokulturaj ĥemiaĵoj lampiroj malaperis, sed nun multaj vilaĝoj ilin kultivas por allogi turistojn.
eo0359	4	originalaj-frazoj.txt	Ŝi tradukis la tutan romanon dum unu somero.
eo0360	4	cv	Oni ŝirmas sin per enfenestraj retoj, fumo aŭ forpeliga ŝmiraĵo aŭ ŝprucaĵo.
eo0361	4	cv	Eksilentu, malsaĝulo! ekkriis la doktoro, turnante sin al la veturigisto.
eo0362	4	cv	Ĝi havas simplan tarifsistemon kun unuiĝo de ĉiuj kaj ĉiaj trafikofertantoj.
eo0363	4	cv	Mi kredas ke ĉi tiu ulo manĝi tro multe same kiel mi muhohoho
eo0364	4	cv	La romkatolika eklezio ankoraŭ relative freŝdate renovigis sian kondamnon de samseksema praktiko.
eo0365	4	originalaj-frazoj.txt	Ni rajdis biciklojn laŭ la rivero ĝis la arbaro.
eo0366	4	cv	La dvoreckij enverŝis en pokalon vinon ĝis la rando.
eo0367	4	cv	Nun la rivero estas parte uzebla por ŝipveturado.
eo0368	4	cv	La opriĉnikoj volas forrabi vian edzinon!
eo0369	4	cv	Kion ili ĵetas? ian specon de planto, ŝajne
eo0370	4	cv	Ĉu vere? Vi ne volas vidi ĉi tiun belan vizaĝon?
eo0371	4	originalaj-frazoj.txt	La malgranda knabo timis la tondron kaj kaŝis sin sub la lito.
eo0372	4	cv	Estis malvarmete; pluvgutoj falis de l' arboj sur la vojon.
eo0373	4	cv	Adaŝev ankaŭ leviĝis el sub la planko, kaj salutis la caron.
eo0374	4	cv	Sed mia malnovmoda menso ne povas senpasie konsideri tiun argumenton.
eo0375	4	cv	Ne troigu: kvar linioj devas sufiĉi.
eo0376	4	originalaj-frazoj.txt	Mi ŝatus mendi supon kaj salaton, mi petas.
eo0377	4	cv	Kio estas tio? li subite diris, fingre montrante mian litkovrilon sub kio io ekmoviĝis.
eo0378	4	cv	Burg estas ofta nomo por komunumoj kaj setlejoj en germanlingvaj regionoj.
eo0379	4	cv	Sed jes faru tion kaj haku ĝin en tre malgrandajn facilajn, kompreneblajn partojn. Kompreneble.
eo0380	4	cv	Kaj mi vidos vin ĉijn en la venonta filmo
eo0381	4	cv	Subite li ĉesis fajfi, haltis kaj ekkriis: ha!
eo0382	4	originalaj-frazoj.txt	La vendisto rekomendis al ni pli malmultekostan modelon.
eo0383	4	cv	Estas zono riĉa en ĉaso ĉefe ĉe perdrikoj, kunikloj, leporoj kaj migrantaj birdoj.
eo0384	4	cv	Nu, bone! refoje diris mia patrino kaj ni eliris.
eo0385	4	cv	Nur tre malfrue aperis romanoj en la skotgaela.
eo0386	4	cv	En internaciaj rilatoj estas tri aspektoj: la interŝtata, la transnacia kaj la sistema.
eo0387	4	cv	Tie mi vidis konkursojn por sledoĉaroj, skiantoj kaj infanoj, ĝuantaj toboganon.
eo0388	4	originalaj-frazoj.txt	Ĉu ĉi tiu seĝo estas libera?
eo0389	4	cv	Post jaroj li iĝis ĉefnotario.
eo0390	4	cv	Hungarlingva baz- kaj mezlernejo funkcias en la vilaĝo.
eo0391	4	cv	La preĝejo situas sola en parko ĉirkaŭita per loĝkvartalo konstruita dum la socialismo.
eo0392	4	cv	Ido do povas formi la infinitivojn konforme al la verbtempoj.
eo0393	4	cv	Knanjo! Montru al mi viajn belajn florojn!
eo0394	4	originalaj-frazoj.txt	Lia ridado sonis tra la tuta domo.
eo0395	4	cv	Ni vidas, ke la idiomaĵo pala kiel littuko samlogikas kun ruĝa kiel littuko.
eo0396	4	cv	Andreo ne indulgis al ci: tuj ci mortos ankaŭ, kaj estas juste!
eo0397	4	cv	La kariba lingvaro estas eble dividebla en du al kvar branĉojn.
eo0398	4	cv	Interrtempe li havis signifajn rezultojn en sporta danco.
eo0399	4	cv	Vi konsentas, ĉu ne vere? Ho, konsentu partopreni!
eo0400	4	originalaj-frazoj.txt	La urbestro malfermis la novan parkon per mallonga parolado.
eo0401	5	cv	Vi ĵus aŭdis homan paŝsonon je la lasta fojo.
eo0402	5	cv	Estis neniam vidita kazo trans milita zono en la tajvana historio.
eo0403	5	cv	Krom instruado li senĉese aktivis animzorgante.
eo0404	5	cv	Cianoakrilatoj estas relative toksaj kaj ordinare konataj kiel supergluaĵoj.
eo0405	5	originalaj-frazoj.txt	Ni promenis tra la vintra arbaro, kie ĉio estis blanka.
eo0406	5	cv	Longe ĝi ne estis uzata, baldaŭ la kolĥozo kaj la proksima uzino profitis ĝin.
eo0407	5	cv	Aliaj grandaj diferncoj estas en la diversaj bakosistemoj en la diversaj landoj.
eo0408	5	cv	La karafo estis jam duone malplena.
eo0409	5	cv	La lingvovora fungo kaŭzas trunkpudradon.
eo0410	5	cv	La vojplano estas virtuala, sed la paŝado estas reala.
eo0411	5	originalaj-frazoj.txt	La stelo de la vespero brilis super la monteto.
eo0412	5	cv	Laŭ iuj homoj la kontinentoj estas sep, laŭ aliaj kvin aŭ ses.
eo0413	5	cv	La vilaĝnomo estas familia nomo.
eo0414	5	cv	Atomhorloĝoj troviĝas ankaŭ en satelitoj.
eo0415	5	cv	Mi ekaŭdis, ke li tre malzorgis pri via eduko.
eo0416	5	cv	Alivorte, geometria meznombro estas la aritmetika meznombro en la logaritma skalo.
eo0417	5	originalaj-frazoj.txt	Mi ricevis belan donacon de miaj gekolegoj.
eo0418	5	cv	Vi estis freneza. Vi freneziĝis tiun nokton. Vi multe dancis!
eo0419	5	cv	Poste mi eksciis, ke li estas kuiristo kaj ĝibulo.
eo0420	5	cv	La leĝo estus tuj akceptita: se bezone, oni kreus ministrejon de la ĉefvojoj.
eo0421	5	cv	Mohamedo enkondukis ion novan: komunumon bazitan ne sur sango, sed sur fido.
eo0422	5	cv	La peco ankaŭ evoluis al ĵaza normkanto.
eo0423	5	originalaj-frazoj.txt	La fiŝkaptistoj revenis kun plenaj retoj.
eo0424	5	cv	La flugkampa buso kun batsvingo ekveturis.
eo0425	5	cv	La naskiĝdato ne estas precize konata.
eo0426	5	cv	En la sama jaro li komencis parkkreadon.
eo0427	5	cv	Estas ankaŭ la nomo de antikva reĝolando kaj posta graflando.
eo0428	5	originalaj-frazoj.txt	Ĉiu lernanto devas prepari mallongan prezenton.
eo0429	5	cv	Geologie dominas la mezdevoniaj sedimentoj.
eo0430	5	cv	Ĝiaj sangoplenaj okuloj strabis, kaj sur ĝia orflava haŭto vidiĝis reto da plenblovitaj vejnoj.
eo0431	5	cv	Kordeŝira estis la adiaŭo de la du gejunuloj.
eo0432	5	cv	Anstataŭe oni donis al li duonjaran provperiodon.
eo0433	5	cv	Tiu agado alportis por li riĉecon kj respekton.
eo0434	5	originalaj-frazoj.txt	La pordo grincis, kiam ŝi malrapide malfermis ĝin.
eo0435	5	cv	Sesjara infano volas avide aŭskulti ĝin.
eo0436	5	cv	La puto kuŝtas sur fundamento el kalkŝtono.
eo0437	5	cv	Li elprenis el ĉebrusta poŝo grandformatan leteron kaj prezentis ĝin al ŝi.
eo0438	5	cv	Sur la pasejkulmino tunelo konektas la nordan kun la suda flanko.
eo0439	5	cv	Ofte malalta dozo estas uzata kun aliaj proteazinhibitoroj.
eo0440	5	originalaj-frazoj.txt	Mia najbaro havas tri hundojn kaj du katojn.
eo0441	5	cv	Ĝi havas ses aŭ sep ŝtalajn kordojn en kvin aŭ ses kordoĥoroj.
eo0442	5	cv	Sur lia nuko sidas pli ol peruko.
eo0443	5	cv	Ho ne! li respondis, mi estas nur ordinara maristo, kial do mi estus kuiristo?
eo0444	5	cv	Ĉiu nombro kiu estas produto de perfekta nombro kun pozitiva entjero estas abunda nombro.
eo0445	5	cv	En la angulo staras balailo kaj sur la planko hejmteksita malnova tapiŝeto.
eo0446	5	originalaj-frazoj.txt	Ni atendis la sunleviĝon sur la plaĝo.
eo0447	5	cv	Sed ĉu tiu domo ne estas tro malgranda? Ĝi enhavas nur unu solan ĉambron.
eo0448	5	cv	La lasta servas nur kiel vehiklo por esplori frazeologian terenon en planlingva medio.
eo0449	5	cv	antaŭ unu jaro estis multe pli da paĝomontroj.
eo0450	5	cv	Li ankaŭ estis poeto, ĵurnalisto kaj eseisto.
eo0451	5	originalaj-frazoj.txt	La rivero fluas tra la urbo de nordo al sudo.
eo0452	5	cv	Intervjui lin estas travivaĵo laciga sed plezura!
eo0453	5	cv	Ili decidis publikigi siajn dogmojn, kiel ajn malgrandnombraj ili estas, aliĝi al ili.
eo0454	5	cv	Ili estis puŝitaj de la novnaskito, kiu vekiĝis.
eo0455	5	cv	Ne, ne! Serpento vi estas, kaj ne utilas ĝin nei.
eo0456	5	cv	Ĉiaokaze mi estas ĉi tie por prizorgi, senpartie, ke nenia perforto fariĝu.
eo0457	5	originalaj-frazoj.txt	Kiu volas ludi ŝakon kun mi hodiaŭ vespere?
eo0458	5	cv	Malnova uzbeka literaturo estis disvolvita surbaze de la folkloro.
eo0459	5	cv	Ne menciitaj vilaĝservoj estas kuracejo, infanĝardeno, lernejo, poŝto, sportejo.
eo0460	5	cv	Ĉu vi pensas, ke li rifuzos? ŝi demandis kun larĝe malfermitaj okuloj.
eo0461	5	cv	Dentkuracado longe aplikis ridgason kiel anestezilon.
eo0462	5	cv	Farite! Nun ni povas trovi bonan manĝaĵon
eo0463	5	originalaj-frazoj.txt	La teatraĵo estis tiel amuza, ke ni ridis ĝis larmoj.
eo0464	5	cv	Ljubljana ne estas granda, sed certe multflanka.
eo0465	5	cv	Mi longe devis atendi: nek ŝarĝita veturilaro, nek iu komercisto, neniu estis vidata.
eo0466	5	cv	Nek en la atendohalo, nek en la kashalo iu estis.
eo0467	5	cv	Lin mi ne timas, avĉjo, mi timas liajn servistojn kaj la opriĉnikojn.
eo0468	5	cv	Publikeco tamen eblas nur, se ĉiuj povas senĝene interkompreniĝi, dialogi, diskuti kaj disputi.
eo0469	5	originalaj-frazoj.txt	Mi neniam vidis tiel grandan arbon.
eo0470	5	cv	Kiel dormlokon, ni ne bezonas pli ol trankvilan dupersonan ĉambron.
eo0471	5	cv	Kirk rifuzas, dirante al li, ke li devos fari sian peton al federaciaj aŭtoritatoj.
eo0472	5	cv	La dekdu ĵurintoj skribadis, ĉiuj senescepte, sur ardezaĵoj.
eo0473	5	cv	Ĝi ĉefe servas al privatuloj, komercistoj kaj paraŝutistoj.
eo0474	5	cv	Tamen laŭŝajne kelkaj atakoj okazas por ŝtelado kaj ne pro ksenofobio.
eo0475	5	originalaj-frazoj.txt	La ĵaluza princo ŝtelis la kronon de sia frato.
eo0476	5	cv	Ĉiu el ili havas elementon utilan por eliri la puzlon.
eo0477	5	cv	Tie li edziĝis, fariĝis paroĥestro, konstruigis novajn preĝejon kaj lernejon.
eo0478	5	cv	Tamen la sukcesplena ekflorado de pilsena biero estis ja mallongdaŭra, mezurita laŭ historia skalo.
eo0479	5	cv	Du miliono, kvarcent kvardek ses mil, sepcent okdek du.
eo0480	5	originalaj-frazoj.txt	Ŝi skribas leterojn al siaj geamikoj en multaj landoj.
eo0481	5	cv	Kiajn literaturaĵojn vi preferus, ke oni voĉlegu?
eo0482	5	cv	Pliajn teoriojn skizas la pri la mezmontaro.
eo0483	5	cv	Ilia lingvo, la turkmena, estas parenca al aliaj tjurkaj lingvoj.
eo0484	5	cv	Naskiĝu, edziĝu kaj mortu — ĉiam monon alportu.
eo0485	5	cv	Ĝi estas duetaĝa mansardtegmentostrukturo kun naŭ aksoj.
eo0486	5	originalaj-frazoj.txt	La trajnoj al la ĉefurbo forveturas ĉiun horon.
eo0487	5	cv	Estas stranga. Li vidis ŝarkan ludon, kaj li pensis:
eo0488	5	cv	Kiu kritikas kuraĝe, mem agas malsaĝe.
eo0489	5	cv	Post du jasroj li doktoriĝis en la sama loko.
eo0490	5	cv	Diru, aldonis la junulo kun malica rideto, ĉu vi ĉiam fanatike fiŝkaptas per hokfadeno?
eo0491	5	cv	Tiafunkcie li estis afergvidanto de la kompleta esplora kaj eldona entrepreno.
eo0492	5	originalaj-frazoj.txt	La ĥirurgo laboris la tutan nokton en la hospitalo.
eo0493	5	cv	La ujguroj sin okupas ĉefe je agrikultura produktado.
eo0494	5	cv	Baldaŭ poste ĝi fariĝis ikono de moderna arĥitekturo.
eo0495	5	cv	Pentman pensas pri la hipnota dormo kaj ridetas.
eo0496	5	cv	Ankaŭ provludĉambroj por muziktrupoj estis en la kelo.
eo0497	5	cv	Provizu nin per pulvo kaj kugloj, kaj morgaŭ matene ni ekmilitiros.
eo0498	5	originalaj-frazoj.txt	Ni sidis ĉirkaŭ la fajro kaj rakontis timigajn historiojn.
eo0499	5	cv	Damne! vi ne vidis ĉi tiun
eo0500	5	cv	La meztipa virino ne deziras domon en la ordinara senco de la vorto.
eo0501	6	cv	Sur la ferdeko trakreskis herbo; ĉe la pavezoj vento alblovis foliojn kaj branĉetojn.
eo0502	6	cv	Kiam ni adiaŭis, ni promesis rendevui ĉe nia hotelo tiuvespere.
eo0503	6	originalaj-frazoj.txt	Ĉu vi memoras la unuan tagon en la lernejo?
eo0504	6	cv	Pri la ljetniko vi ankaŭ ne kredu!
eo0505	6	cv	Ties skribaĵojn kontraŭpelagianismajn li tekstkritike nove eldonis.
eo0506	6	cv	Tiu palearktisa specio estas endanĝerigata kaŭze de habitatodetruo.
eo0507	6	cv	Kompreneble, ĉiam estas tiuj homoj kiuj ja manĝos ĝin kaj versaĵne estos
eo0508	6	cv	Iufoje ŝiaj brovoj kunŝoviĝadis, la esprimo de profunda pripenso aperadis sur la frunto.
eo0509	6	originalaj-frazoj.txt	La birdoj kantis jam antaŭ la sunleviĝo.
eo0510	6	cv	Estas vere ke esti nehonesta ĉiam alportas malhelpajn flankefikojn.
eo0511	6	cv	Post ne longa tempo ŝi aŭdis ian piedfrapetadon, kaj vigle forviŝis la larmojn.
eo0512	6	cv	Bone, mi pagos miriade. Eniru la veturilon
eo0513	6	cv	Du junulinoj kulpigis la vicgvidanton kaj alian centran partianon pri seksperforto dum partiaj festoj.
eo0514	6	cv	La haoro estas antikva vestaĵo.
eo0515	6	originalaj-frazoj.txt	Mi aĉetis novajn ŝuojn, sed ili estas tro mallarĝaj.
eo0516	6	cv	Konsuminte plejparte la manĝeblajn bestojn kaj plantojn de la ĉirkaŭejo, ili konstruas vilaĝeton aliloke.
eo0517	6	cv	Entombigita sur la monaĥa tombejo.
eo0518	6	cv	Parolu, skribu, presigu; tute egale.
eo0519	6	cv	Ne bedaŭru hieraŭan, ne atendu morgaŭan, ne forlasu hodiaŭan.
eo0520	6	cv	Saluton al vi! tre bele ĉu vi volas diri ion apartan?
eo0521	6	originalaj-frazoj.txt	La juĝisto aŭskultis atente ambaŭ flankojn.
eo0522	6	cv	Tiam ekfunkciis la ŝipfarejo, kiu produktis pli grandajn ŝipojn.
eo0523	6	cv	Ili fanfaronos sendube; ili diros ĝin al ĉiuj.
eo0524	6	cv	Ekzemple, la sufikso de pluralo devenas el la hebrea lingvo: -im.
eo0525	6	cv	Reĝino estas ĵaluza: kaj mi kredas, ke ŝi ne estas tute malprava.
eo0526	6	originalaj-frazoj.txt	Kiam la neĝo degelis, la riveroj fariĝis riĉaj je akvo.
eo0527	6	cv	Alicio havis nenion por diri; ŝi nur rigardis ilin senhelpe.
eo0528	6	cv	Tial la nuntempe disvastigata versio de la svahila devenas de tiu dialekto.
eo0529	6	cv	Por plaĉi mian sklavon, mi iomvorte rakontis al li mian tutvivadon.
eo0530	6	cv	Ĉu sur tiu ŝnuro? Moseo ne kredas tion, kaj la spicisto klarigas plue:
eo0531	6	cv	Sed unu el ni estas troa; necese estas, ke unu el ni malaperu.
eo0532	6	originalaj-frazoj.txt	Ŝi ĉiam ridetas, eĉ kiam ŝi estas laca.
eo0533	6	cv	Mi sentis, komence, vivan jukadon ĉirkaŭ la maleoloj: ĝi estis la militproklamo.
eo0534	6	cv	La tuta kartaro tuj suprenleviĝis en la aeron kaj ree flugfalis sur ŝin.
eo0535	6	cv	Rapide mi forkuris kaj sukcesis malfermi la pordon kaj klakfermi ĝin post mi.
eo0536	6	cv	La irisoj estas brunaj kaj dtiu kolombo havas ruĝajn krurojn kaj longan voston.
eo0537	6	cv	Ambau virinoj kaj ankau la pacientoj rigardis ilin kun surprizo.
eo0538	6	originalaj-frazoj.txt	La maljunulo sidis sur benko kaj nutris la kolombojn.
eo0539	6	cv	Barazof ne lasus min kvieta.
eo0540	6	cv	Post siaj studoj li laboris en sia naskiĝloko ĝis la nazia erao.
eo0541	6	cv	En nia kontraŭstaro al tio ni agas tute zamenhofisme, laŭ mia vidpunkto.
eo0542	6	cv	Ŝia edzo revenos al ŝi baldaŭ: pri tio ŝi ne povis dubi.
eo0543	6	cv	La kontaktoj inter katalunaj kaj bosniaj esperantistoj cetere havas longan historion.
eo0544	6	originalaj-frazoj.txt	Ni ne havas sufiĉe da mono por tiu vojaĝo.
eo0545	6	cv	Se iu korpoparto iomete frostvundiĝas, ĝi poste iĝos malhelviola kaj doloros multajn tagojn.
eo0546	6	cv	Infanmorteco estas granda, naskoplanado nekonata kaj la vivdaŭro ĉe ciganoj restas mallonga.
eo0547	6	cv	Ĉu ili estas verdaj? Kion mi faras malbone?
eo0548	6	cv	La forumo komenciĝis per “marŝo kontraŭ novliberalismo kaj por la vivo tra la urbocentro.
eo0549	6	cv	La postan ĝardenon finis plantadĝardeno.
eo0550	6	originalaj-frazoj.txt	La ŝoforo haltigis la aŭton ĉe la trotuaro.
eo0551	6	cv	Nigra korvo preterflugis super la arboj, kaj la eĥo ripetadis ĝian minacantan krion.
eo0552	6	cv	Ĝustokaze, princo, ĉu vi bone scias arkpafi?
eo0553	6	cv	Tial la trinkaĵo kutime simple framdlingve nomatas per sia itala nomo.
eo0554	6	cv	En aviado gravan rolon por sekureco ludas la komunikado inter regturo kaj aviadilo.
eo0555	6	originalaj-frazoj.txt	Mi tute ne komprenas, kion vi volas diri.
eo0556	6	cv	Tiuepoke en la urbo okazis la plej grandaj kaj gravaj foiroj de la lando.
eo0557	6	cv	La tri «ha!» de la maljuna sinjorino estis dirataj laŭ tri malsamaj tonoj.
eo0558	6	cv	Parte ĝi estis limgarda zono.
eo0559	6	cv	Tiucele la jugoslava registaro aĉetis la teron sub la akvoinstalaĵo.
eo0560	6	cv	Oni verku por emfaze neeŭropa legontaro.
eo0561	6	originalaj-frazoj.txt	La infanoj kuris en la ĝardenon por ludi kun la hundo.
eo0562	6	cv	Ho, sendube ŝi malkovros ĝin. Post kio ĉiuj ekridis denove.
eo0563	6	cv	Diversmaniere organizaĵoj kontraŭbatalas la fenomenojn, sed venko ne facilas.
eo0564	6	cv	La kolapso de la majaa socio estas daŭra temo de fakaj kaj popolaj diskutoj.
eo0565	6	cv	Resumi ĝin en kelkaj vortoj mi ne kapablas, krom per ne tre utilaj frapfrazoj.
eo0566	6	cv	Kafka dediĉis la kolekton al sia patro.
eo0567	6	originalaj-frazoj.txt	Lia frato laboras kiel inĝeniero en granda fabriko.
eo0568	6	cv	Por krei ŝaumaĵon taŭgas preskaŭ ĉiu plasto.
eo0569	6	cv	Certe, kiel duoble du kvar.
eo0570	6	cv	Ĉiŝtian situas sur ebenaĵo en la orienta landparto.
eo0571	6	cv	Unnao estas krome historia urbo kun multaj historiaj konstruaĵoj kaj strukturoj.
eo0572	6	cv	Sube de la akvobaraĵo troviĝas hidroelektra centralo.
eo0573	6	originalaj-frazoj.txt	La kantistino ricevis florojn post sia prezentado.
eo0574	6	cv	Ekeksteren! Mi ne komprenas vin
eo0575	6	cv	En la sekvaj jaroj li estis ankaŭ ĵurnalisto, denove drumisto kaj humuristo.
eo0576	6	cv	Nur pro la livreo ŝi konkludis ke li estas lakeo.
eo0577	6	cv	Nuntempe la softvaro estas sub evoluado.
eo0578	6	originalaj-frazoj.txt	Ĉu vi aŭdis la novaĵon pri la nova ponto?
eo0579	6	cv	Granda malfeliĉaĵo lin premegis; estas vere: sed ĉu mi estas kulpa?
eo0580	6	cv	Verŝajne li opiniis, ke la mono ne sufiĉis, kaj elprenis ankoraŭ bankbiletojn.
eo0581	6	cv	Ambaŭ estas kontinentaj transformofaŭltoj kun similaj longoj kaj glitotaksoj.
eo0582	6	cv	Nu! kion vi diras pri tio, paĉjo?
eo0583	6	cv	Nuntempe ankoraŭ restas malevkilibro malfavore al informado.
eo0584	6	originalaj-frazoj.txt	La lernejo organizis ekskurson al la montaro.
eo0585	6	cv	Faru laŭkutime, kiel faris niaj praavoj!
eo0586	6	cv	Rabmevoj povas ŝteli ties ovojn; tamen, foje aliaj marbirdoj sukcesas kapti idojn.
eo0587	6	cv	Prijuĝu, sinjoro, je kio mi estus kapabla, se iam mi enamiĝus!
eo0588	6	cv	Klaro ekridetis kaj dufoje kisis la ruĝvangan knabon.
eo0589	6	cv	Sovaĝaj rapidfluejoj kaj kaskadoj alternis, nin devigante albordigi la boateton.
eo0590	6	originalaj-frazoj.txt	Mi trinkis tason da varma ĉokolado antaŭ la dormo.
eo0591	6	cv	Izoŝavikila heksanato prezentas heksanatan grupon ligitan al izoŝavikila grupo.
eo0592	6	cv	Du minutojn poste, antaŭgvardia divizio sin ĵetis sur mian dekstran tibikarnon.
eo0593	6	cv	Ĉu tio estas bongusta? Ŝajnas, jes
eo0594	6	cv	Poste la burgo fariĝis posedaĵo de la ĉeĥoslovaka ŝtato.
eo0595	6	cv	Inter la novaĵoj estas la reta platformo, unueca kotizo kaj ŝovita komencdato.
eo0596	6	originalaj-frazoj.txt	La floroj en la vazo jam velkis.
eo0597	6	cv	Ili kreskas surtere en la varmaj kaj mezvarmaj regionoj de la norda hemisfero.
eo0598	6	cv	Nuntempe ŝi deĵoris kiel liberprofesia ĵurnalistino kaj verkistino.
eo0599	6	cv	La herooj estas ĉie, oni malkovras pli kaj pli da ili dum epizodoj.
eo0600	6	cv	Sophia naskiĝis en familio ligita al muziko.
eo0601	7	originalaj-frazoj.txt	Ni renkontos nin antaŭ la teatro je la sepa.
eo0602	7	cv	Ĉu ĝi estas ĉi tie? Eble?
eo0603	7	cv	Li kantas speciale pri orientfinnlanda kamparo.
eo0604	7	cv	Ho! scienco, vi estas nur vantaĵo!
eo0605	7	cv	Moseo ekkuras sur la sablovojon, ekzamene esploras, sed la onklo restas for.
eo0606	7	cv	Kiel la plejmulto el la aminoacidoj, ĝia natura formo estas la levogira.
eo0607	7	originalaj-frazoj.txt	La ŝtelisto fuĝis tra la malantaŭa pordo.
eo0608	7	cv	Petolu, diboĉu, sed poste sorton ne riproĉu.
eo0609	7	cv	Ni eĉ ne kontrolas iliajn historiojn, iliajn vivprotokolojn
eo0610	7	cv	La morgaŭon, konsciencriproĉoj ŝin ekkaptis.
eo0611	7	cv	Do vi simple devas elekti uzantnomon pasvorton kaj retpoŝtadreson
eo0612	7	cv	Ŝi eligis krieton, krieton duone timan kaj duone koleran, penis forfrapi ilin.
eo0613	7	originalaj-frazoj.txt	Mia avino faras la plej bonan kukon en la mondo.
eo0614	7	cv	Sidu tie! Estu bona dinosaŭro!
eo0615	7	cv	Fukuoka havas du rikoltoj, unua rizo kaj dua hordeo, dum jaro.
eo0616	7	cv	La kranihaŭto, incitite de multego da nesenteblaj vundoj, inflamis.
eo0617	7	cv	Abdul diras ke ili ne estis religia popolo.
eo0618	7	cv	Bedaŭrinde arĥeologiaj trovaĵoj ĝis nun estis nur malmultaj.
eo0619	7	originalaj-frazoj.txt	La vento portis la odoron de la maro al la urbo.
eo0620	7	cv	Ŝi kapjesis kaj rigardis min malĝoje.
eo0621	7	cv	La temo estas, certe, murdo – alie ĝi ne estus krimromano.
eo0622	7	cv	Oni nomis min la bovvendisto, tiel riĉa mi ŝajnis!
eo0623	7	cv	Herodoto raportas pri la simileco inter ambaŭ.
eo0624	7	cv	Australianoj. Ho, ĝi havas markulon sur la postaĵo.
eo0625	7	originalaj-frazoj.txt	Kiu respondecas pri tiu terura ĥaoso?
eo0626	7	cv	Krom la metroo haltas ĉe la vojkruciĝo tramoj.
eo0627	7	cv	La ruĝa rubando estas internacia simbolo kontraŭ aidoso.
eo0628	7	cv	Sed entute fakte temis pri konﬂikto inter civilulo kaj soldato.
eo0629	7	cv	Intertempe skuas la koalicion skandalo pri prezoj de brulaĵo.
eo0630	7	originalaj-frazoj.txt	La juna paro aĉetis malgrandan domon apud la arbaro.
eo0631	7	cv	Laŭ ĝi alproksimiĝis al la perihelio ĝi eĉ fariĝis videbla dumtage.
eo0632	7	cv	Li plenumis sennombrajn eksperimentojn pri elektraj kontraŭŝokoj kontraŭ bestoj.
eo0633	7	cv	Ĝi estas por mi ĥina scienco.
eo0634	7	cv	Do mi iris por aĉeti flugbileton, kaj tuj ekis la problemoj.
eo0635	7	cv	Jen, ĝi faras okdek kvin pfenigojn.
eo0636	7	originalaj-frazoj.txt	Ŝi ŝatas kuiri, sed malŝatas lavi la telerojn.
eo0637	7	cv	Forhavebla aserti ke la izoflavonoj estas bone akceptataj pro ĝiaj bonefikoj sur la sano.
eo0638	7	cv	Aĥ, mi eĉ ne scias kiel klarigi ĝin.
eo0639	7	cv	Inter aliaj gravaj etnaj grupoj eblas nomi inguŝojn, armenojn, kartvelojn, kalmukojn kaj aliajn.
eo0640	7	cv	Rajnandgaon havas tropikan klimaton kun influo de musono.
eo0641	7	cv	Ne menciitaj vidindaĵoj estas la kamparanaj barokaj loĝdomoj.
eo0642	7	originalaj-frazoj.txt	La horloĝo sur la turo montris la dekduan.
eo0643	7	cv	Unu fajrero estas sufiĉa, por eksplodigi pulvon.
eo0644	7	cv	Atendu iomete, mi kuirigos por vi zbitenon!
eo0645	7	cv	La unuan fojon en rusia historio mortis golulo pro senpera traŭmato dum matĉo.
eo0646	7	cv	Ne majstro, sed homfrato kaj kolego li volis esti.
eo0647	7	cv	Subgubernio ne havas lokan parlamenton nek estron.
eo0648	7	originalaj-frazoj.txt	Ni ricevis inviton al la geedziĝa festo de niaj amikoj.
eo0649	7	cv	En la postmilita periodo ankaŭ pereis granda parto de ĉi tieaj domoj.
eo0650	7	cv	La lignisto vendas lignon, kaj la lignaĵisto faras tablojn, seĝojn kaj aliajn lignajn objektojn.
eo0651	7	cv	En tiu momento lia atento estis kaptata de obtuza tuso, venanta el la veturilo.
eo0652	7	cv	Estas multe da etaj flavnigraj fiŝoj
eo0653	7	originalaj-frazoj.txt	La ĉambro estis malhela, ĉar la kurtenoj estis fermitaj.
eo0654	7	cv	Jen, rigardu, la nuboj jam disrompiĝas kaj plilongiĝas ambaŭflanken.
eo0655	7	cv	La internacia normo por bitlibroj estas ePub.
eo0656	7	cv	Ĝatoi estas agrikultura urbo kun tre fekunda grundo kaj akvo helpe de kanala sistemo.
eo0657	7	cv	Estas multaj subspecioj de tiu hirundo, kiujn kelkaj fakuloj povas disigi en diferencaj specioj.
eo0658	7	cv	La supraj etaĝoj estis uzataj de la urba arĥivo kaj poste de ŝtata administrado.
eo0659	7	originalaj-frazoj.txt	Mi proponas, ke ni iru al la kinejo morgaŭ.
eo0660	7	cv	Tri- aŭ eĉ kvarfoje okupitaj ĥoroj tamen nur ekzistas en grandegaj orgenoj.
eo0661	7	cv	Ĝia vortprovizo evoluis sub la influo de la persa, araba, tjurka kaj sanskrito.
eo0662	7	cv	Ne scias kiel nomi ĝin. Sfero.
eo0663	7	cv	Multe tradukis kaj verkis en E, redaktis lit.
eo0664	7	cv	Tiu albumo estas la unua albumo de hiphopo en esperanto.
eo0665	7	originalaj-frazoj.txt	La sciuro kolektis nuksojn por la longa vintro.
eo0666	7	cv	Phillips evidente prokrastis la informon kaj pli poste li forgesis pri ĝi.
eo0667	7	cv	Eble tion kaŭzas liaj sorĉvortoj.
eo0668	7	cv	Tradicie, la razkapuloj estis malgrandaj, sendependaj grupoj.
eo0669	7	cv	Kelkaj vendejoj troviĝas, tamen nur ekster kelkkilometra radiuso.
eo0670	7	cv	Ĉi tio nur donas al li pliajn vivhorojn.
eo0671	7	originalaj-frazoj.txt	Li ĵuris, ke li neniam plu mensogos.
eo0672	7	cv	Ne! Pri tio mi decidiĝis.
eo0673	7	cv	Pro tio la glitfrotado estas malalta kaj ĉiuj tri substancoj estas uzataj kiel lubrikaĵoj.
eo0674	7	cv	Ĉu vi havus la komplezon akompani min dum momento en la ludsalonon?
eo0675	7	cv	Denove estas starigitaj en aŭg.
eo0676	7	originalaj-frazoj.txt	La pasaĝeroj atendis pacience sur la kajo.
eo0677	7	cv	La papago kiel kutime akceptis ĝin tre gravmiene kaj tuj manĝis kun apetito.
eo0678	7	cv	Post la anasaĵo alportu ŝaffemuron.
eo0679	7	cv	La loko estis uzata kiel ripozejo por karavanoj de saharaj nomadoj.
eo0680	7	cv	La pastro benas la aŭskultantaron, preĝas laŭtvoĉe, kaj poste ĉiuj kantas psalmon.
eo0681	7	cv	Kial laŭ vi indus, ke esperantistoj kontribuu?
eo0682	7	originalaj-frazoj.txt	Ŝi ricevis la unuan premion en la konkurso.
eo0683	7	cv	Pro la sama kialo la estraro proponis, ke estu alelektitaj maksmimume du pliaj estraranoj.
eo0684	7	cv	Antaŭirinta kataro akra, kiu, anstataŭ plene saniĝi, transiris en la stadion kronikan.
eo0685	7	cv	Dum la tuta flugdaŭro ni ĝuis belegan sunveteron.
eo0686	7	cv	Kaj tio estas mia konsilo. La decido estas al vi
eo0687	7	cv	Ĉu infanoj vere ŝatis min nur pro mia azeno? Terura.
eo0688	7	originalaj-frazoj.txt	La arbaro estis plena de misteraj sonoj.
eo0689	7	cv	Ha jes! Tiuj ĉi sciencaj artikoloj estas netolereblaj!
eo0690	7	cv	Li kuŝas ekstere en la fjordo kun la ŝiparo.
eo0691	7	cv	Tial ĝis nun ne furoras retgazetoj, iuj jam fiaskis.
eo0692	7	cv	La departemento plu dividiĝis je antaŭe kvar, nun dek unu distriktoj.
eo0693	7	cv	Jes, donu al mi. Kion vi havas?
eo0694	7	originalaj-frazoj.txt	Mi devas ankoraŭ fini mian hejmtaskon.
eo0695	7	cv	Sunradioj vetkuras sur la foliaro sub la fenestro.
eo0696	7	cv	Mi interesiĝis pri muzikilo, kiu konsistis el dekkelkaj dikaj bambuoj kunligitaj horizontale.
eo0697	7	cv	Kaj eĉ alvokas morton kaj mortas, estante ankoraŭ vivkapablaj fizike?
eo0698	7	cv	Li aktoris ankaŭ en televidaj programoj kaj legis laŭte parolrolojn.
eo0699	7	cv	La sendaĵo enhavis sep paketojn, ĉiu surhavis numeron.
eo0700	7	originalaj-frazoj.txt	La rozoj en la parko floras ĝis la aŭtuno.
eo0701	8	cv	La tri betlehemanoj jam atingis la najbaran pordegon.
eo0702	8	cv	Ĝuste mortlite la brava patrino tamen nepre ne aldone nur pro li malgaju.
eo0703	8	cv	Sekvis la sonoj de piedtrotetado supren laŭ la ŝtuparo.
eo0704	8	cv	Dijon estas turisma urbo fama konata pri gastronomio.
eo0705	8	originalaj-frazoj.txt	Ĉu vi scias, kie troviĝas la plej proksima apoteko?
eo0706	8	cv	La caro leviĝis kaj, farinte krucsignon, sin klinis antaŭ la abato.
eo0707	8	cv	Ĉinio estas unu el la plej grandaj rizproduktantoj de la mondo.
eo0708	8	cv	Lia eldonisto konsilis lin preni pseŭdonimon por eviti konfuzon.
eo0709	8	cv	Kion fari: ĉu lidojn konverti al eŭroj, aŭ dolarojn al lidoj?
eo0710	8	cv	Vi ekhavos enirbileton por du personoj, kaj mi prezentis al li la invitaĵon.
eo0711	8	originalaj-frazoj.txt	La fajrobrigado alvenis post kelkaj minutoj.
eo0712	8	cv	La naztruoj estas mallarĝaj fendoj situantaj ĉe la bekobazo, kaj la irisoj estas ruĝaj.
eo0713	8	cv	Mozart mortis dum la komponado.
eo0714	8	cv	Ĉu vi nepre devas foriri? ŝi demandis kunsenteme.
eo0715	8	cv	Oni povas paroli pri hardebakita, glazura, kava, sunbakita briko.
eo0716	8	cv	Li eĉ estas adorata kiel diaĵo en taoismo kaj en tradicia ĉina religio.
eo0717	8	originalaj-frazoj.txt	Ni dankas vin pro via afabla helpo.
eo0718	8	cv	Ŝi volas danci. Morti pro la patrujo estas agrable.
eo0719	8	cv	Lin instruis intelektuloj kaj ekleziuloj en la princa lernejo de la sauda korto.
eo0720	8	cv	Deziru, ne deziru — ordon' estas, iru!
eo0721	8	cv	Dum spektaklo mem, sub la scenejo kantensemblo prezentas diversspecajn germanajn kantojn.
eo0722	8	cv	La studaĵo inkludis eltiradon de plumoj de kokidoj per aerosuĉado.
eo0723	8	originalaj-frazoj.txt	La kuko odoris tiel bone, ke ĉiuj venis en la kuirejon.
eo0724	8	cv	Vere ne estas proponon. Estas ideon
eo0725	8	cv	En apuda ĉambro estas objektoj koncerne la citadelhistorion.
eo0726	8	cv	Pluraj de la festivalaj laboruloj rekoneblas per la koloro de siaj laborveŝtoj.
eo0727	8	cv	Pli nerevokebla ankoraŭ ol en la pasinta tempo.
eo0728	8	originalaj-frazoj.txt	La maristoj kantis dum ili tiris la ŝnurojn.
eo0729	8	cv	Ŝi mensogas. Ŝi diras tion nur pro tio, ke estas kamerao ĉi tie!
eo0730	8	cv	Mia parto estis da sep mil frankoj; mi perdis do kvardek tri mil.
eo0731	8	cv	Okaze de kelkaj sportistoj regis ĥaoso ĉirkaŭ ilia nacieco.
eo0732	8	cv	Post tagmanĝo, min ekkaptis perforta kapdoloro.
eo0733	8	cv	Alparolteksto diverslingve, sonregistraĵo kaj video estos publikigitaj rete.
eo0734	8	originalaj-frazoj.txt	Mi ne povas trovi miajn okulvitrojn.
eo0735	8	cv	Manoukian faris la muzikon de pluraj filmoj.
eo0736	8	cv	Ĉiuj forkuru el la antaŭurbo!
eo0737	8	cv	Ekŝajnis al la caro, ke li povas ekdormi.
eo0738	8	cv	Vitra cilindro unuflanke kun rezervujo estas parte plenigita kun fluido.
eo0739	8	cv	La estis nomumita la pastro de la tjumena paroĥo.
eo0740	8	originalaj-frazoj.txt	La ĵurio longe diskutis antaŭ ol decidi.
eo0741	8	cv	Cetere, mia raporto estas farota laŭ aranĝo venontan ĵaŭdon.
eo0742	8	cv	Estas reala energio, fizika; ne estas metafizika aŭ hipoteza potenco.
eo0743	8	cv	Rimarkindas ke kuraciloj oble pli ofte kaŭzas estiĝon de aŭtoantikorpoj ol aperon de simptomoj.
eo0744	8	cv	Malsupren li falis! sed baldaŭ reaperis por ke, li povis naĝi kvazaŭ anaso.
eo0745	8	cv	ni demandas nin; ĉu tio ĉi estis ia ĉiuhoma epidemia idioteco?
eo0746	8	originalaj-frazoj.txt	Ŝi vizitas siajn gepatrojn ĉiun dimanĉon.
eo0747	8	cv	Vespere ĝuu lunon, sed ne serĉu la sunon.
eo0748	8	cv	Ho, ho, ho! nia porkaĵo ĵus alvenis!
eo0749	8	cv	La partoprenantoj devis sidi dorsrekte sur saŭnobenkoj.
eo0750	8	cv	Katniss mortigas lin per sago por fini lian suferon.
eo0751	8	originalaj-frazoj.txt	La gazetoj raportis pri granda fajro en la haveno.
eo0752	8	cv	Turnante la kapon al la venintino, ŝi diris laŭ sia milda, karesa parolmaniero:
eo0753	8	cv	Oni kolektis informon pri areo, loĝantaro kaj loĝdenso.
eo0754	8	cv	La kurda lingvo kaj festado de la kurda novjaro estas malpermesitaj.
eo0755	8	cv	Ĝi uzas la fizikan principon de la temperatura koeficiento de elektra rezistanco de metaloj.
eo0756	8	cv	La ĉielo jam ekklariĝis, kaj mi antaŭsentis, ke mi faris neutilan mortigon.
eo0757	8	originalaj-frazoj.txt	Ni bezonas novan planon, ĉar la malnova ne funkcias.
eo0758	8	cv	Origine ĝi estis tute aŭ plejparte ĉeĥa.
eo0759	8	cv	Eĉ diablaj kreaĵoj ne ŝajnas neeblaj.
eo0760	8	cv	Ĝi estas malhelbruna, ĝia abdomeno iom helbruna kaj ĝia gorĝo griza aŭ blanka.
eo0761	8	cv	Sur lia skribtablo troviĝis kelkaj, ĵus alvenintaj leteroj.
eo0762	8	cv	La kripto estas tutjate alirebla al publiko.
eo0763	8	originalaj-frazoj.txt	La infano demandis, kial la ĉielo estas blua.
eo0764	8	cv	Ĝi estas solvebla en etero, benzeno, kloroformo, karbona dusulfido kaj koncentrita sulfata acido.
eo0765	8	cv	Unu kvarono de la monda loĝantaro bone aŭ mezbone konas la anglan lingvon.
eo0766	8	cv	Anstataŭ la patrino, nun respondis la papago, sidanta en kupra kaĝo sur la vestoŝranko.
eo0767	8	cv	ili alrajdis, komencis trapiki bovidojn, dishaki ilin per sabroj.
eo0768	8	cv	Jmerinka fariĝis grava fervoja kruciĝo.
eo0769	8	originalaj-frazoj.txt	Mia kuzo studas muzikon en la konservatorio.
eo0770	8	cv	Iu sola estas iu, kiu estas interesa por tujposta diskuto.
eo0771	8	cv	La loĝantoj estas preskaŭ senescepte ŝijaistoj.
eo0772	8	cv	Oni uzas sistemojn el sferaj koordinatoj.
eo0773	8	cv	Ne malĝoju pro kresko de aĝo, se kun tio ankaŭ kreskas saĝo.
eo0774	8	cv	La kurzo de spontanea eligo dependas parte sur la ĉirkaŭaĵo de luma fonto.
eo0775	8	originalaj-frazoj.txt	La rabistoj kaŝis la trezoron en kaverno.
eo0776	8	cv	Ne ĉiam mi estis tia; sed, vivante ĉe la kortego, oni kontraŭvole fariĝas tia.
eo0777	8	cv	Tamen, neniam antaŭe estis same facile disvastigi lingvajn fuŝaĵojn mondskale.
eo0778	8	cv	Konvulsio trakuris lian tutan korpon: kun kompato en la koro, li haltis.
eo0779	8	cv	Hajbuno estas japana stilo kiu proponas miksaĵon de prozo kaj poezio.
eo0780	8	originalaj-frazoj.txt	Bonvolu fermi la pordon malantaŭ vi.
eo0781	8	cv	La feino restis tute enpensiĝa.
eo0782	8	cv	Ĉar ŝi neniam eliris, ŝia vizaĝkoloro tute flaviĝis.
eo0783	8	cv	Pano estas alportita, korbo estu forĵetita.
eo0784	8	cv	Ties natura biotopo estas subtropikaj aŭ tropikaj humidaj montararbaroj kaj tre degraditaj iamaj praarbaroj.
eo0785	8	cv	Herboj kaj arbustoj unujaraj aŭ plurjaraj.
eo0786	8	originalaj-frazoj.txt	La knaboj grimpis sur la arbon por vidi pli bone.
eo0787	8	cv	La nura uzo de tiu meĥanismo tamen estas tre malofta.
eo0788	8	cv	En sama momento ŝi sentis fortan frapon sub la mentono. Ĝi frapis la piedojn!
eo0789	8	cv	Dum la socialismo kaj kolĥozo, kaj ŝtata bieno funkciis.
eo0790	8	cv	Klomp estas farmisto laŭ ĉiuj signifoj de tiu vorto.
eo0791	8	cv	Ciklooktila valerato prezentas valeratan grupon ligitan al ciklooktila grupo.
eo0792	8	originalaj-frazoj.txt	Mi vekiĝis pro la bruo de la strato.
eo0793	8	cv	Tio estis la unua fojo kiam stariĝis fremdgenta registaro sur la ĉeflando.
eo0794	8	cv	Mortepala, kun ŝaŭmkovritaj lipoj, la okuloj plenaj je sango, li blekis kiel sovaĝa bruto.
eo0795	8	cv	Tuj mallevu vian vipon, alie mi kurbigos vin kune kun ĝi!
eo0796	8	cv	Dum okcidenteŭropanoj plejparte kontentas pri la vivo, mezeŭropanoj ne.
eo0797	8	cv	Kriu eĉ raŭke, sed kanti ne ĉesu.
eo0798	8	originalaj-frazoj.txt	La tagmanĝo estis simpla sed tre bongusta.
eo0799	8	cv	Krome li ekuniversitatdocentis ĉe la tieaj institutoj pri lingvistiko kaj filologio klasika.
eo0800	8	cv	Balearoj estis sub bizanca suvereneco, kaj restis for de la araba procezo de konkero.
eo0801	9	cv	Tiel la tuta habsburga regno estis denove sub unu regado.
eo0802	9	cv	Sed mi volus atentigi – bonvolu uzi laŭeble pli da vortoj.
eo0803	9	originalaj-frazoj.txt	Ĉiu urbo havas siajn proprajn tradiciojn.
eo0804	9	cv	Ĉu vi babilaĉas la ingliŝan?
eo0805	9	cv	Vauban tiam konstruis novajn murojn.
eo0806	9	cv	Ĉiun fojon kiam mi vidas iun kun smuzio enmane
eo0807	9	cv	Ni celas izoli neniun, sed konsciigi pri kontraŭhomara situacio.
eo0808	9	cv	Ringo eksvingis per sia ĉekano, kaj ekbrilis liaj okuloj.
eo0809	9	originalaj-frazoj.txt	La ĥimero sur la preĝejo rigardis la urbon de supre.
eo0810	9	cv	Irante, mi pagos vin miriade. Ĉu?
eo0811	9	cv	Platpanelaj kolektantoj estas tipe uzitaj en fermitciklaj sistemoj.
eo0812	9	cv	Mi deziras, ke vi juĝu unuope laŭleĝe kaj laŭjustece.
eo0813	9	cv	Lia blanka atlasa kaftano estis disŝirita kaj sangkovrita.
eo0814	9	cv	En la sama jaro en la urbo aperis la epidemio de ĥolero.
eo0815	9	originalaj-frazoj.txt	Ŝi longe rigardis la foton de sia infanaĝo.
eo0816	9	cv	Kiam mi ekpensis, mi ekvidis survoje malriĉan virinon kun malgranda korbo, kovrita per ĉifono.
eo0817	9	cv	Do, ĉi tio, fakte, estas valabio kaj valabio simple estas speco de kanguruo.
eo0818	9	cv	Kaj pri malpermesitaj armiloj – jen kvazaŭ ogrino, timigilo por infanoj.
eo0819	9	cv	La nesto estas nuda truo ĉe tajgo, herbejo aŭ simila medio.
eo0820	9	cv	Origine la konstruaĵo estis montburgo.
eo0821	9	originalaj-frazoj.txt	La gvidisto rakontis al ni pri la historio de la kastelo.
eo0822	9	cv	Vi estas kun tiu sumo! Vi estas kristano
eo0823	9	cv	Pardonu! diris la sinjorino, ĉar mi ekterurigis vin.
eo0824	9	cv	Gering lin miregante ekrigardis; li intencis respondi, sed ne povis.
eo0825	9	cv	Neologismoj de ĉiam estas populara disputtemo inter esperantistoj.
eo0826	9	originalaj-frazoj.txt	Ni ŝparis monon dum tuta jaro por tiu vojaĝo.
eo0827	9	cv	Ĉio silentis en la muelejo, nur la muelŝtonoj sonoris kaj la dentradaro frapadis.
eo0828	9	cv	La asocio ankaŭ eldonas broŝurojn, organizas kursojn, kunvenojn, prelegojn.
eo0829	9	cv	La fiĝia marvirino estas grava manĝaĵa rimedo por la giganta polpo.
eo0830	9	cv	Por budhanoj gravas amo kaj saĝo.
eo0831	9	cv	Joe estas ankaŭ amatora fotisto.
eo0832	9	originalaj-frazoj.txt	La maljuna kapitano konis ĉiun rifon de la marbordo.
eo0833	9	cv	Ŝi respondis heziteme kaj dubeme:
eo0834	9	cv	La vilaĝo suferis pro eventoj de la tridekjara milito, kiam ĝi estis kelkfoje prirabita.
eo0835	9	cv	Lia trajektorio situas meze inter du grandaj artaj tendencoj: baroko kaj novklasikismo.
eo0836	9	cv	Ŝajnis al mi tuj en la komenco, ke mi vin rekonas, sed.
eo0837	9	cv	Ili forkuris triope: oni retrovis la postsignojn de neniu.
eo0838	9	originalaj-frazoj.txt	Mi esperas, ke vi fartas bone.
eo0839	9	cv	Sed ĉu iu konfidencos pri tiu ĉi zelota zenito al ili?
eo0840	9	cv	Nun la pentroartaĵoj estas restaŭritaj kaj estas valoraĵoj de la bulgara mezepoka arto.
eo0841	9	cv	Li tiam plenumis siajn unuajn heroaĵojn.
eo0842	9	cv	Frazo povas enhavi plurajn ĉefpropoziciojn.
eo0843	9	cv	Joĉjo tute ne atentis la averton de la admonema knabino.
eo0844	9	originalaj-frazoj.txt	La artisto pentris la portreton per brilaj koloroj.
eo0845	9	cv	Estas ankaŭ relative malgranda sed grava kolekto de malnovgreka kaj romia arto.
eo0846	9	cv	Lastpaŝe ĉiuj latbariloj faritis laŭ originalaj planoj.
eo0847	9	cv	Ne faru tion. Malbona ideo.
eo0848	9	cv	Laura amis la kantadon en drinkejo kaj la muzikan vivon.
eo0849	9	cv	Lia deĵoro ne suferis plu pro liaj humoraj neegalecoj.
eo0850	9	originalaj-frazoj.txt	La lumo de la lanterno tremetis en la vento.
eo0851	9	cv	La ino estas simila, sed iom pli mallongbeka.
eo0852	9	cv	Ne menciitaj vilaĝservoj estas poŝto, kuracejo, lernejo, apoteko.
eo0853	9	cv	Kio estas tio? Ho, du ŝarketoj.
eo0854	9	cv	Ĝia nomo derivas de tiu de la bofrato de la malkovrinto.
eo0855	9	originalaj-frazoj.txt	Kiam vi finos, bonvolu sendi al mi la dokumenton.
eo0856	9	cv	La vagonaro pasis kvazaŭfulme antaŭ senhoma trotuaro.
eo0857	9	cv	La regiono kongruas kun la iama paroĥo, kiu konsistis el la supre menciitaj vilaĝoj.
eo0858	9	cv	La laboristoj ĉiutage piedmarŝis en la fabrikojn.
eo0859	9	cv	Oni vidas ombrojn, aĵojn, umojn, kiujn oni neniam atentis.
eo0860	9	cv	Mi vidis alveni sesdekon da homoj lacigitaj, polvozaj, sangokovritaj, kontuzitaj kaj vunditaj.
eo0861	9	originalaj-frazoj.txt	La ĉevalo rifuzis transsalti la barilon.
eo0862	9	cv	Kultuvado de legomojn kaj fruktojn ne estas ofta en la subŝtato.
eo0863	9	cv	Li skribis lingvsciencajn librojn en angla kaj germana.
eo0864	9	cv	Komputilaj voĉlegaj programoj iĝas ĉiam pli bonkvalitaj, sed kian perspektivon ili signifas?
eo0865	9	cv	Por kapti ezokon, bongustigu la hokon.
eo0866	9	cv	Oh fek, ĉiuj rigardas min
eo0867	9	originalaj-frazoj.txt	Ŝi rakontis ŝercon, kaj ĉiuj ekridis.
eo0868	9	cv	La vulkano eniris novan eksplodan erupciociklon, procedon kiu ŝajne ne baldaŭ malrapidiĝos.
eo0869	9	cv	La plej ofta okupado estas piano, violono, vjolo kaj violonĉelo.
eo0870	9	cv	En ĝi mankas modernaĵoj: nenia radioaparato, nenia televidilo, eĉ ne telefono troviĝas tie.
eo0871	9	cv	Alportinte hejmen la grenon, mi devas draŝi, senrubigi kaj konservi ĝin.
eo0872	9	cv	Oni aŭdis, kiel kelnerino alportis manĝilaron sur la terasan tablon.
eo0873	9	originalaj-frazoj.txt	La ŝtormo daŭris tri tagojn kaj tri noktojn.
eo0874	9	cv	Ambaŭ estis surŝutitaj per la herbicido je mortiga dozo.
eo0875	9	cv	Ferozevala situas preter la ĉefa pakistana aŭtovojo.
eo0876	9	cv	mondo da kirliĝantaj neĝeroj elbarantaj la supran firmamenton.
eo0877	9	cv	Ĝi konsistas el ĥoro kaj danca ensemblo.
eo0878	9	originalaj-frazoj.txt	Mi ŝatas promeni frue matene, kiam la stratoj estas trankvilaj.
eo0879	9	cv	La princo leviĝis kaj ekvidis junan deksepjaran opriĉnikon kun sangkovrita sabro en la mano.
eo0880	9	cv	Homparola informtransporta kanalo estas simple tro facile ĝenebla.
eo0881	9	cv	En la taga lingvouzo ĝi rilatas al ioma post ioma detruado de io.
eo0882	9	cv	Vin mi ne atendis, princo, sed vi estas sendito de mia caro, bonvolu eniri!
eo0883	9	cv	Ĝi estas tre interesa. Do vi povas prezenti malsaman personecon al ĉiu komunumo.
eo0884	9	originalaj-frazoj.txt	La knabino desegnis domon, arbon kaj grandan sunon.
eo0885	9	cv	Ekde la renovigo de la parko ankaŭ la monumento aliefekte spektatas fare de parkvizitantoj.
eo0886	9	cv	Eŭfrato kolektas akvon plejparte de pluvo kaj neĝo.
eo0887	9	cv	Estas granda kato, sed pli dika. kaj griza. Mi tre ŝatas vombatojn.
eo0888	9	cv	Apude estis eŝafodoj kun hakiloj.
eo0889	9	cv	Sed tio estas sinjoro paroĥestro, ekkriis la kapitano.
eo0890	9	originalaj-frazoj.txt	Ni loĝas en la tria etaĝo de ruĝa domo.
eo0891	9	cv	La figuro estas pluredra kombinaĵo de dudekedro kaj dekduedro.
eo0892	9	cv	Do, ĉu vi estas preta? ĉar mi estas preta!
eo0893	9	cv	La kooperado estos mia prioritato kadre de la komisiono kiun mi prizorgiĝos.
eo0894	9	cv	Ĝi senescepte favoras apartajn homgrupojn malprofite al aliaj homgrupoj.
eo0895	9	cv	Ĝi estas marsrenkonta, terrenkonta kaj venusrenkonta asteroido.
eo0896	9	originalaj-frazoj.txt	La merkato estas plena de freŝaj fruktoj kaj legomoj.
eo0897	9	cv	Mi komencis interesiĝi pri tiu ĵongla ludo, kiam arĝentsona ekrido saltigis mian koron.
eo0898	9	cv	Ĉu tio validos ankaŭ por la usona hamburgaĵo?
eo0899	9	cv	La vivo kaj la agado de monaĥoj kaj monaĥinoj okupas ĉi tie centran lokon.
eo0900	9	cv	Szolnok estas ankaŭ departementejo kune kun departementa rajto.
eo0901	10	originalaj-frazoj.txt	Ĉu vi bonvolus ripeti la demandon?
eo0902	10	cv	Ĝi daŭris dum romia okupado, kion montras la arĥeologiaj restaĵoj.
eo0903	10	cv	Je la sesa horo frumatene mi kuŝiĝis kaj ekdormis ĉe la vojrando mem.
eo0904	10	cv	Post la milito li estis ĉefkuracisto en hospitalo.
eo0905	10	cv	Ŝia patro estas kimra, ŝia patrino kroata.
eo0906	10	cv	La vilaĝo tiutempe apartenis al vroclava episkopujo kaj ĝi estis proporcie granda.
eo0907	10	originalaj-frazoj.txt	La gastoj alvenis pli frue ol ni atendis.
eo0908	10	cv	Ŝajnas memklara temo por mallonga telefonintervjuo por la libropaĝo, respondis unu el la demanditoj.
eo0909	10	cv	Ĉu la parencoj de la mutulino ne povas zorgi pri ĝi?
eo0910	10	cv	Ne surprize do, ke loĝas murdintoj kaj bagnuloj meze de tiu ĉi ĝenerala malheleco.
eo0911	10	cv	Fakulo en la metala tekniko; gravaj verkoj, multaj artikoloj.
eo0912	10	cv	La nesto estas surgrunde sub vegetaĵaro kaj ĉe akvo.
eo0913	10	originalaj-frazoj.txt	La juna reĝino regis saĝe kaj juste.
eo0914	10	cv	Nur perkutpafiloj, kiuj ne povas utili al ni, pro manko de kapsuloj.
eo0915	10	cv	Li ekgenuis kaj salutis la princon ĝisteren.
eo0916	10	cv	Ŝia donaco estis malgrandaj lignaj rozfloroj en eta vazo, kaj flava, malgranda frukto.
eo0917	10	cv	Anjo sentis en si tre grandan admiron al la juna dommastrino.
eo0918	10	cv	Jefferson ankaŭ estis arkitekto kaj inventisto.
eo0919	10	originalaj-frazoj.txt	Mi neniam forgesos tiun belan someron.
eo0920	10	cv	Temas pri relative malofta duobla statuensemblo.
eo0921	10	cv	Por ilin kapti, indiĝeno sin kaŝas kamufle en la krona supro de palmo.
eo0922	10	cv	Venezuelo, la kialoj de la ĥaoso.
eo0923	10	cv	Tamen sufiĉe granda nombro aliĝis pli aŭ malpli longe al la hitlera reĝimo.
eo0924	10	cv	Kara mia malsaĝuleto, permesu, ke mi vin kisu!
eo0925	10	originalaj-frazoj.txt	La sciencistoj malkovris novan specon de ranoj.
eo0926	10	cv	Ĉiu sin direktas, kiel la kap' al li diktas.
eo0927	10	cv	Kiu ne plenumas tiun ĉi mondvastan postulon, mem kulpas kaj devas pagi.
eo0928	10	cv	Ĉu li estas alt- aŭ malaltkreska?
eo0929	10	cv	Sep kaj duono da spesdekoj la tagmanĝo!
eo0930	10	originalaj-frazoj.txt	Ŝi ĉiam kunportas libron, kien ajn ŝi iras.
eo0931	10	cv	La ĉefurbo mobilizis soldatojn kontraŭ la laboristoj kaj vinfaristoj, sed multaj rifuzis pafi.
eo0932	10	cv	Tuj poste la knabino mortas kaj anĝelo kunportas ŝian spiriton en la ĉielon.
eo0933	10	cv	La kajero haveblas en angla, dana, franca, germana, hispana kaj itala versioj.
eo0934	10	cv	Pro la venonta profeta kurso nun ĉiu tago iĝis preĝtago.
eo0935	10	cv	Zamenhof denove devis akceptadi helpon de sia bopatro.
eo0936	10	originalaj-frazoj.txt	La trajnstacio troviĝas proksime al la urbocentro.
eo0937	10	cv	Mia koro estas al vi, mi volus vin ĉirkaŭbraki!
eo0938	10	cv	La preĝejo samtempe estis monaĥeja kaj paroĥa preĝejo.
eo0939	10	cv	Ni devas fari tion. Ni ne povas lasi la filinon sola.
eo0940	10	cv	Ŝia jupo leviĝis kaj oni vidis blankajn ŝtrumpojn kaj tolajn ŝuojn.
eo0941	10	cv	kaj piedpremadis la rabistojn per siaj ĉevaloj.
eo0942	10	originalaj-frazoj.txt	La pluvo frapis kontraŭ la fenestrojn la tutan nokton.
eo0943	10	cv	Jes, sinjorino, se la fendego komunikiĝas kun la kuŝujo de la torento.
eo0944	10	cv	Louis multe interesiĝis pri la kulturo kaj la sciencoj.
eo0945	10	cv	Ĝuste: kvazaŭ diulo en sia mistika migdalo.
eo0946	10	cv	Poste la haŭto restas malhelruĝe striita por ĉiam.
eo0947	10	cv	Enbuŝigita fingro – ĉu signo de infanaĝo aŭ malsaniga kutimo?
eo0948	10	originalaj-frazoj.txt	Ni kantis kune la saman kanton denove kaj denove.
eo0949	10	cv	Ĝi estas mezgranda nigra birdo kun nudaj rozkoloraj kapo kaj supra kolo.
eo0950	10	cv	En la vilaĝo tiutempe loĝis ŝvaboj, kiuj estis devige forigitaj.
eo0951	10	cv	Sub sia gvidado la inkaa imperio estis la plej granda.
eo0952	10	cv	Dum la hispana konkero, la ajmara popolo luktis kontraŭ la invadintoj.
eo0953	10	originalaj-frazoj.txt	La ŝipo malaperis en la nebulo.
eo0954	10	cv	Izolite tiuj du fotografaĵoj estas absolute similaj.
eo0955	10	cv	La leksiko estas naŭdekprocente ĝermana; aldoniĝas kelkaj depruntoj polaj, rusaj, hebreaj.
eo0956	10	cv	En la navo estas plata plafono kun ĥorejo portata per du kolonoj.
eo0957	10	cv	La aŭtomataj ŝovpordoj helike malrapide fermiĝis.
eo0958	10	cv	Nu, sinjoro, decidu vin, ekkriis la ĥirurgiisto.
eo0959	10	originalaj-frazoj.txt	Kiu manĝis la lastan pecon da kuko?
eo0960	10	cv	Mi faras mian devon tute simple kaj tute mallarĝe; mi pagas ŝuldon.
eo0961	10	cv	Cetere, grandkvanta uzo de kemia sterkaĵo kaŭzas ankaŭ poluadon.
eo0962	10	cv	Mia amiko havas poneon kun tiaj dikfingroj en la antaŭaj piedoj.
eo0963	10	cv	Dimitri ne kuraĝis plu paroli kun mi: li marŝis antaŭe, kiel militkaptito.
eo0964	10	cv	Hazarde en mian kapon venis ideo – kial ne modli robon?
eo0965	10	originalaj-frazoj.txt	La ĵonglisto amuzis la publikon per siaj artifikoj.
eo0966	10	cv	Sed eble mi foriru — por ĉiam?
eo0967	10	cv	Kien li rigardis? Kion li pensis?
eo0968	10	cv	Eble, la sorto ne destinis, ke vi pereu senbezone.
eo0969	10	cv	Fine oni alportis tetraojn kun prunoj, anserojn kun milia kaĉo kaj tetrojn kun safrano.
eo0970	10	cv	Nekredeble: sur sia depeŝo li skribis, ke li eniras en vagonon.
eo0971	10	originalaj-frazoj.txt	Mi eklernis Esperanton antaŭ du jaroj.
eo0972	10	cv	En la distrikto estas ekspluatata nafto, gaso, torfo, argilo, sablo.
eo0973	10	cv	Alta memorŝtono proksime de la longdistanca ŝoseo atentigas nin memori la okazaĵon.
eo0974	10	cv	La plej gravan. Ho fek.
eo0975	10	cv	Hermann estis la tria el kvin filoj de la familio.
eo0976	10	originalaj-frazoj.txt	La rivereto murmuris inter la ŝtonoj.
eo0977	10	cv	enŝlosita en via domo kaj iom malĝoja
eo0978	10	cv	Fremda mizero — ridinda afero.
eo0979	10	cv	En la atendanta buso ĉiuj gajiĝis, nur ne li.
eo0980	10	cv	Kiom da abonantoj estu, por ke la laboro restu por vi sencohava?
eo0981	10	cv	Tiu birdo kantas el ripozejo aŭ dumfluge; imitas multajn speciojn.
eo0982	10	originalaj-frazoj.txt	Ŝi ricevis leteron el malproksima lando.
eo0983	10	cv	Ekzemplo estas la plej bona sciata algoritmo por faktorigo de entjero.
eo0984	10	cv	Preskaŭ ĉiuj kamparanoj jese voĉdonis; preskaŭ ĉiuj urbanoj nee.
eo0985	10	cv	Ne necesas registriĝi aŭ ensaluti – nur libere viziti, legi kaj ĝui.
eo0986	10	cv	Per alia mano ŝi kondukis same ruĝvangan knabeton.
eo0987	10	cv	Por eviti tion, oni instalis ekipaĵon por gasa hejtado de la salo.
eo0988	10	originalaj-frazoj.txt	La kunveno daŭris pli longe ol planite.
eo0989	10	cv	Li estas unu el la plej famaj kubaj ĵazmuzikistoj.
eo0990	10	cv	Sed tio estas nur seksludo, ne nutrado.
eo0991	10	cv	Li ankaŭ estis membro de la keŝikoj.
eo0992	10	cv	La koleremo de la edzo ekjukas al li.
eo0993	10	cv	Patkukoj kun glaciaĵo, verŝajne estas la plej bona manĝaĵo el la tuta mondo.
eo0994	10	originalaj-frazoj.txt	La kato dormis sur la varma radiatoro.
eo0995	10	cv	Ĝi estas konata pro murpentraĵoj kaj tomba surskribo.
eo0996	10	cv	Antaŭen, kamarado! ne melankoliiĝu, mi petas.
eo0997	10	cv	Liverpool aktive engaĝiĝas en eksterlanda politiko.
eo0998	10	cv	La celo de la afiŝo: kontraŭi familian perforton.
eo0999	10	cv	Mi volas nur diri, ke ni ambaŭ estas nek virinoj, nek junaj virgulinoj.
eo1000	10	originalaj-frazoj.txt	Ni preparis ĉion por la granda festo.
eo1001	11	cv	Necesas, ke mi ilin malĉifru.
eo1002	11	cv	Enterigu vian bojaron, jen kiel, jen kiel!
eo1003	11	cv	Subkirke estas kripto kiu parte ankoraŭ alireblas.
eo1004	11	cv	Ian alian vizaĝon li havis, lia barbo, liaj kapharoj maldensiĝis.
eo1005	11	originalaj-frazoj.txt	La maljunulino rakontis pri sia juneco.
eo1006	11	cv	Pezaj kotmakulitaj bubaloj tiras antikvajn plugilojn.
eo1007	11	cv	Jen la titola linio — jes, tio estas interesa!
eo1008	11	cv	Nun, post la kongreso, mi povas konstati ke ĝi estis mejloŝtono en pluraj manieroj.
eo1009	11	cv	Mi laboras kiel angla instruisto. Kaj jes, do, mi simple iros!
eo1010	11	cv	Aliaj verkoj stile sekvis barokajn modelojn; ĉerpis el la lingvoj konataj, inventis transrealajn mondojn.
eo1011	11	originalaj-frazoj.txt	Mi ne trovis la ĝustan vorton.
eo1012	11	cv	Vulkanoj troviĝas ofte tie, kie la kontinentplatoj dislokiĝas.
eo1013	11	cv	Nia gazetara komuniko unu tagon post lia parolo estas la bazo por nia informlaboro.
eo1014	11	cv	La efektiva mesaĝo tamen ne plu estas retrovebla en la arĥivoj.
eo1015	11	cv	Laŭlonge laŭ naturrezervejo kondukas flava turisma vojo.
eo1016	11	cv	Ankoraŭ estas bovlo, mi jam formanĝis unu kapsiketon, kaj okdek procentojn da longa kapsiko.
eo1017	11	originalaj-frazoj.txt	La ĉambristino purigis la ĉambrojn ĉiun tagon.
eo1018	11	cv	La domo, situanta plej proksime al ĉefstacidomo, nun funkcias kiel muzeo.
eo1019	11	cv	Tie li estris taĉmenton jam en rango majoro.
eo1020	11	cv	Tio ne plu eblas. Vi simple devas akcepti, ke ili restos tie.
eo1021	11	cv	Tiujn ribelojn karakterizis la kruela venĝo de nobeluloj post subpremo de la ribeloj.
eo1022	11	cv	Estis tre klare, ke mi kuŝas en alnajlita kesto.
eo1023	11	originalaj-frazoj.txt	La turistoj fotis la malnovan preĝejon.
eo1024	11	cv	La platgermana lingvo havas multajn dialektojn kaj normigita formo ankoraŭ preskaŭ ne ekzistas.
eo1025	11	cv	Ĝi estas la sola sendependa grandduklando en la mondo.
eo1026	11	cv	Kirk ordigas armilojn, kiu havas nenian efikon.
eo1027	11	cv	Koatlikue estas vera danĝero, oni ofte vidas ŝin.
eo1028	11	originalaj-frazoj.txt	Ĉu vi ankoraŭ memoras lian nomon?
eo1029	11	cv	Semajno: estas sep tagoj en la semajno.
eo1030	11	cv	Forfluu infano kune kun la bano.
eo1031	11	cv	Li subtenis sin per ĵurnalismo.
eo1032	11	cv	La ŝablono kaj teknologio de pecokudrado varias multe inter diversaj landoj kaj kulturoj.
eo1033	11	cv	Sed baldaŭ sur la strato laŭte eksonis la vorto: kaptu!
eo1034	11	originalaj-frazoj.txt	La knabo kuraĝe saltis en la malvarman akvon.
eo1035	11	cv	Neniu nova palatino estis nomumita, kaj la reĝlando restis sen palatino post tiam.
eo1036	11	cv	Tio ne egalas la difinon de horzono laŭ la hora distanco de centra meridiano.
eo1037	11	cv	Ho, ne! Kiam unufoje oni evitis la dronigon, oni ne rekomencas plu.
eo1038	11	cv	Benzila fosfato estas senkolora aŭ blanka solidaĵo, uzata kiel kemia reakciaĵo en kemiaj sintezoj.
eo1039	11	cv	Rivlin estas flua parolanto en araba.
eo1040	11	originalaj-frazoj.txt	La ĥorestro levis la manojn, kaj ĉiuj eksilentis.
eo1041	11	cv	Davido, plu cerbumante pri diversaj fiŝoj, iom gape tamen same afable reridetis.
eo1042	11	cv	Dankegon. Pro tio mi iomete petas vin foriri.
eo1043	11	cv	Sovaĝulo estas en la dunoj! mi ekkriis.
eo1044	11	cv	La pasaĝeroj venas de loĝkvartalo situanta laŭ la strato.
eo1045	11	cv	Kaj ĉiuj serĉadoj estis senrezultataj; ĉu jes?
eo1046	11	originalaj-frazoj.txt	Ni promesis reveni la venontan someron.
eo1047	11	cv	Mi ne povas trovi vortojn por priskribi ĝin, tiel strangega, terura!
eo1048	11	cv	Elstaris ankaŭ la fabrikoj de sapo, faruno, vitro kaj ceramiko.
eo1049	11	cv	Ne estas problemo. Sed mi ne volas helpi ilin.
eo1050	11	cv	Lia koro estis kapabla aŭdigi eĥon.
eo1051	11	originalaj-frazoj.txt	La vojo al la vilaĝo estis kovrita de neĝo.
eo1052	11	cv	La milito forrabis la gajecon kaj rideton, aparte de junuloj.
eo1053	11	cv	Movado de akvo de la oceanoj ĝis la aero kaj reen grandparte kreas veteron.
eo1054	11	cv	Li estis en intensiva flegfako.
eo1055	11	cv	La turka, la persa, majaoj, egiptoj.
eo1056	11	cv	La panĝaba estas la indiĝena parola lingvo, sed la urdua ankaŭ estas vaste komprenita.
eo1057	11	originalaj-frazoj.txt	Ŝi rigardis la stelojn kaj pensis pri la estonteco.
eo1058	11	cv	Mi donacas al vi zibelajn felojn por pelto!
eo1059	11	cv	Kiuj objektoj troviĝas ĝenerale en salono kaj en manĝoĉambro?
eo1060	11	cv	En diktaturo kompreneble la tasko de obeema ĵurnalisto estas nur laŭdi la ekzistantan ordon.
eo1061	11	cv	La vorttrezoro uzata en la poezio estas vastega.
eo1062	11	cv	La estro forprenis de ili batalilojn, kaj kvar opriĉnikoj denun rajde akompanis ilin.
eo1063	11	originalaj-frazoj.txt	Ruza rato ruliĝis rapide tra la ruĝaj rozoj de la reĝo.
eo1064	11	cv	Sed se li ne revenus? Mi denove ekpensis.
eo1065	11	cv	Ho! tio ja estas memkomprenebla.
eo1066	11	cv	Mi kunprenus: la tranĉilon, la germanajn monerojn, la leteron, jen ĉio, kion mi posedis.
eo1067	11	cv	“Ĉu oni faras tion ofte en tiu loko?” demandas la ĝentila virino.
eo1068	11	cv	Donu al mi mian glavon! ekkriis la emiro.
eo1069	11	originalaj-frazoj.txt	Ruĝa radio, ruĝa ringo, ruĝa rozo, ruĝa rubando.
eo1070	11	cv	Ŝi ŝatas min. Tre linda.
eo1071	11	cv	Dum eksplodo de frenezeco, la patro mortfrapis lin per sia akrapinta bastono.
eo1072	11	cv	Tiu riĉaĵejo ampleksas kvin ekoregionojn kiuj konstituas la nordorientan parton de la aŭstralazia ekozono.
eo1073	11	cv	Post jaroj li estis trudlaboristo, dum la nazia erao li kaŝiĝis.
eo1074	11	cv	Krome daŭre trafas la loĝantaron frapa, konsciiga kampanjo pere de amaskomunikiloj.
eo1075	11	originalaj-frazoj.txt	Ŝi ŝatas siajn novajn ŝuojn, sed ŝi ŝajnas ŝanceliĝi en ili.
eo1076	11	cv	La ŝarko komence ĉirkaŭnaĝas la viktimon, antaŭ ol ataki.
eo1077	11	cv	Vivu, kresku kaj floru nia afero!
eo1078	11	cv	En la ĉea klubo de fervojistoj, laŭ la libro, troviĝis la lasta seĝo.
eo1079	11	cv	Kiam la dalitoj protestis, la reago estis tuja: ses dalitoj estis murditaj.
eo1080	11	originalaj-frazoj.txt	Ĉiu ĉevalo ĉe la ĉefa ĉaro ĉirkaŭrigardis ĉagrenite.
eo1081	11	cv	En ĝi partoprenas kelkaj pliaj personoj diversgrade.
eo1082	11	cv	Ili uzos la gastoĉambron, kiu pro multjara neuzado multe bezonis riparon.
eo1083	11	cv	Eble mi trafalos tra la tuta terglobo!
eo1084	11	cv	Ĉar la ponto estis ligna, ĝi kelkfoje forbrulis aŭ estis detruita dum inundoj.
eo1085	11	cv	La eŭropanoj preferas gastojn profitdonajn kaj cedemajn.
eo1086	11	originalaj-frazoj.txt	Ĉu ĉi tiu ĉemizo ĉiam ĉifiĝas, kiam ĉiuj ĉirkaŭe ĉagreniĝas?
eo1087	11	cv	La regiono en mezepoko troviĝis sub habsburga regado.
eo1088	11	cv	Liaj historiaj romanoj ĉerpas el la ĉeĥa, sed ankaŭ el la monda historio.
eo1089	11	cv	Antaŭ la hispanoj aztekoj vivis tie.
eo1090	11	cv	Flugante la pilko zumas, kion li antaŭe ne konsideris.
eo1091	11	cv	Kaj, tiam, mi rigardas al la ipado: tio estas ĉio.
eo1092	11	originalaj-frazoj.txt	Ĵaŭde ĵurnalisto ĵuris, ke li ĵetis neniun ĵurnalon.
eo1093	11	cv	La subfamilio enhavas kvin genroj en kiuj estas ok specioj.
eo1094	11	cv	Diru al la hetmano, ke li vin bone gastigu, kvazaŭ min mem.
eo1095	11	cv	Peleido foriris al tendoj kaj ŝipoj rapidaj.
eo1096	11	cv	Ofte ĝi estas asociita kun ciberpunko kaj kunuzas iun similajn bazojn.
eo1097	11	cv	Eŭgenila nitrato prezentas eŭgenilan grupon ligitan al nitrata grupo.
eo1098	11	originalaj-frazoj.txt	Ĥoro de ĥemiistoj kantis pri ĥaoso kaj ĥimeroj.
eo1099	11	cv	Dum la socialismo ŝtata bieno kaj kolĥozo funkciis en la vilaĝo.
eo1100	11	cv	Alveninte, troviĝas neniu; sed mi vidis la homoj enmare en kvar boatoj.
eo1101	12	cv	Ĝi povas esti identigita disde aliaj etaj vadbirdoj pro manko de malantaŭa fingro.
eo1102	12	cv	La plimulto de la sciencaj verkoj pri la ĉuvaŝa estis farita ruslingve.
eo1103	12	originalaj-frazoj.txt	La scivolema sciuro scias pli pri sciencoj ol la sciencisto.
eo1104	12	cv	El tio precipe la ŝipkonstruado evoluis.
eo1105	12	cv	Por ĝue legi la tekstojn ne nepre necesas enkapigi ilin.
eo1106	12	cv	Oni tamen forĵetis lian peton.
eo1107	12	cv	Harris, kiu estis alportinta la ĵurnalon, ne kaŝis sian ĝojon.
eo1108	12	cv	Minuto kaj el tiu ĉi bukedo de ŝaŭmo ekfloris la virino delikata, bonodora.
eo1109	12	originalaj-frazoj.txt	Aŭdu, kiel la aŭtoj aŭdace aŭtune veturas laŭ la aŭtovojo.
eo1110	12	cv	Post teologiaj studoj li iĝis luterana pastoro, kaj deĵoris en diversaj nederlandaj urboj.
eo1111	12	cv	Kio estas tio? Ĉu estas pupo?
eo1112	12	cv	Do, dum la intervjuo; fakte ni parolis pri unu kanto
eo1113	12	cv	La evento estas konsiderata kiel komenco de husmovadaj militoj.
eo1114	12	cv	Maziero, kiu ŝin observis, estis miregita de tiel grandega malespero.
eo1115	12	originalaj-frazoj.txt	Ŝtono sur ŝtono, ŝtupo post ŝtupo, la ŝtelisto ŝteliris supren.
eo1116	12	cv	Antaŭ la domo kuŝis, kiel helverda tapiŝego, glata, dekliveta ebeno.
eo1117	12	cv	Mi antaŭĝojas la estontan kunlaboron.
eo1118	12	cv	La ekzekutista metio estas malnoblega; la rabista profesio estas honorata.
eo1119	12	cv	Krom enpakitaj parkejoj, bordoj, plankoj kaj ŝtuparoj, ĉiam ankoraŭ aperas vualitaj arboj.
eo1120	12	cv	Nepomuk estas ankaŭ familia nomo por pluraj personoj.
eo1121	12	originalaj-frazoj.txt	Grandaj grizaj gruoj kriis super la greno.
eo1122	12	cv	Neniu alia havas eĉ la plej malgrandan venkŝancon.
eo1123	12	cv	Ni serĉis ĉiuloke, laŭ ĉiuj vojoj kaj en ĉiuj longfosoj, sed nenie lin trovis.
eo1124	12	cv	Kiel arĥitekto li aliĝis al gotika arĥitekturo.
eo1125	12	cv	La gazeto post kvarjara daŭro ne plu aperis, la societo mortis.
eo1126	12	originalaj-frazoj.txt	Kvin kviete kvakantaj ranoj kverelis en la kvadrata lageto.
eo1127	12	cv	Akbar mem estis patrono de arto kaj kulturo.
eo1128	12	cv	Fakte, mi pensas, ke mi neniam prezentis lin al vi. Tie!
eo1129	12	cv	Tiu interagado inter natura pejzaĝo kaj homoj kreas la kulturan pejzaĝon.
eo1130	12	cv	Estas feka varme. Mi ŝvitas kaj mi simple sidas ĉi tie kaj faras nenion.
eo1131	12	cv	Do mi paroladis kun ŝi iom!
eo1132	12	originalaj-frazoj.txt	Trans tri trankvilaj trotuaroj trotis tri trotemaj ĉevaloj.
eo1133	12	cv	Estas malfacile scii ĉu tiu neotropisa specio estas minacata kaj kiom.
eo1134	12	cv	Troveblas ankaŭ gravuritaj ostoj, kies interpretado oni plej ofte ne sukcesas.
eo1135	12	cv	Eble li rehejmigis en tiuj du horoj.
eo1136	12	cv	Li portis nur grizan someran jakon kaj ĝinzon.
eo1137	12	cv	Tiuj ŝanĝoj eble konsidereblas kiel sojlo de la fino de la atomepoko.
eo1138	12	originalaj-frazoj.txt	Frida fridujo frostigis freŝajn fragojn frue en februaro.
eo1139	12	cv	Li estas tre respektata erudiciulo pri astronomio kaj entuziasma astronomia popularigisto.
eo1140	12	cv	Oni priŝtelas ne riĉulon, sed sengardulon.
eo1141	12	cv	Morozov aŭskultis lin kun granda atento.
eo1142	12	cv	Malkiel la ĉina, la norma korea lingvo ne estas tonlingvo.
eo1143	12	cv	Ili kapablas fuŝparoli en pluraj lingvoj.
eo1144	12	originalaj-frazoj.txt	La ĝentila ĝardenisto ĝojas pri ĝustatempe ĝermintaj legomoj.
eo1145	12	cv	Reale tio estas nur antaŭheredaĵo.
eo1146	12	cv	Do, estas vi kiu decidos. Ne estas mia zorgo
eo1147	12	cv	Paro da helbluaj okuletoj kaj kvadrata mentono konigis neŝanceleblan volecon.
eo1148	12	cv	Kiu sin enjungis, devas tiri.
eo1149	12	cv	Ĝi havas sep ŝtalajn kordojn en tri kordoĥoroj.
eo1150	12	originalaj-frazoj.txt	Tiuj tri tritikaj tortoj estas tro trempitaj.
eo1151	12	cv	Ili estas kaj estis legohelpo al angle parolantaj infanoj kaj prononchelpo al neanglalingvanoj.
eo1152	12	cv	Tiam kun ĉarma infana elmontro de amo ŝi levis la vizaĝon por ricevi adiaŭkison.
eo1153	12	cv	Paralele al elsendado de la televidserio estis eldonata ankaŭ libroserio por junaj legantoj.
eo1154	12	cv	Jen la ordigo, la gettigo de senlaboruloj kaj mizeruloj marĝene de la sistemo.
eo1155	12	originalaj-frazoj.txt	Sesdek ses sesioj sekvis sinsekve sen senco.
eo1156	12	cv	Sed estas problemo: ĝi estas tro for, ĝi estas tro multekosta por mi.
eo1157	12	cv	Oh bone, bone, do mia edzino kaŝas ŝin tie
eo1158	12	cv	Per tiu alteco, la ĉefturo ebligas la plej bonan vidpunkton de la ĉirkaŭanta regiono.
eo1159	12	cv	Ĉu vi afable konsentos prunti al mi ĉi tiun libron ĝis morgaŭ!
eo1160	12	cv	Ellington pli malfrue plurajn fojojn surdiskigis la kanton.
eo1161	12	originalaj-frazoj.txt	La pafisto pafis al papilio, sed la papilio flugis for flirtante.
eo1162	12	cv	Mil jaroj (aŭ milo da jaroj) faras miljaron.
eo1163	12	cv	Vi estas ŝtelisto! Donu mian libron.
eo1164	12	cv	Haitio estas dividita al dek departementoj.
eo1165	12	cv	Oni preĝas simile je monaĥoj kaj oni pereigas pli multe da homoj, ol rabistoj.
eo1166	12	cv	Noŝera estas komerca kaj industria centro kun aparta industria zono.
eo1167	12	originalaj-frazoj.txt	Brava bubo bremsis la bicikleton antaŭ la blua barilo.
eo1168	12	cv	Tro rapida edziĝo — porĉiama kateniĝo.
eo1169	12	cv	Ankoraŭ vivante ŝi jam iĝis legendo kaj estis mondfama.
eo1170	12	cv	Zamenhof mem tradukis ĝin el la germana versio.
eo1171	12	cv	Kabugao situas en la ekvatora klimato.
eo1172	12	cv	Imagu se tio estus magivorto, kiu alportus malfeliĉon al ni.
eo1173	12	originalaj-frazoj.txt	Naŭ novaj nigraj naĝantoj naĝis nokte en la nebula maro.
eo1174	12	cv	Alkutimintaj obei al la bojaro kaj krom tio ekscititaj per aroganteco de l' rabistoj
eo1175	12	cv	Sed kiel do mi venu hejmen tiuokaze?
eo1176	12	cv	Oni lin konas, kiel blankan lupon; kiel makulharan hundon; kiel malbonan moneron.
eo1177	12	cv	Mi tuj entajpis ĝin, kaj la programo ekinstaliĝis.
eo1178	12	originalaj-frazoj.txt	Mi vidas la ruĝan domon, la verdan ĝardenon kaj la bluajn fenestrojn.
eo1179	12	cv	Vi min ne opinias sangavida!
eo1180	12	cv	Malsupren, ankoraŭ malsupren! Ĉu neniam la falo finiĝos?
eo1181	12	cv	Ili estas manĝigataj dum kelkaj semajnoj eĉ post elnestiĝo.
eo1182	12	cv	Ah, kiel estas tiom malseke!
eo1183	12	cv	Kio estas pli ofta, pli neevitebla ol la dua?
eo1184	12	originalaj-frazoj.txt	Ili aĉetis novajn ŝuojn, belajn ĉapelojn kaj varmajn mantelojn.
eo1185	12	cv	Ĝi serĉis dumlonge novajn energifontojn sed ne tiom sukcesis.
eo1186	12	cv	Ĝiaj enhavoj pritraktas ĉefe temojn pri rokmuziko, politiko, kaj usona populara kulturo.
eo1187	12	cv	Vi scias, kio estas sumoo, ĉu ne?
eo1188	12	cv	Do, mi iris al la unua ligilo en guglo kaj tio estis terura eraro.
eo1189	12	cv	Post la diplomo ŝi laboris en oficejo pri firmaoregistro kun rango juĝejo.
eo1190	12	originalaj-frazoj.txt	Ŝi donis al mi grandan pomon kaj du malgrandajn pirojn.
eo1191	12	cv	En tiuj ĉi boteletoj sin trovas diversaj acidoj: vinagro, sulfuracido, azotacido kaj aliaj.
eo1192	12	cv	Sed oni ankaŭ rakontas, ke vi dancas antaŭ la caro en ljetniko kvazaŭ knabino!
eo1193	12	cv	Bone! Eble li povas veni al mia domo!
eo1194	12	cv	La ceteraj moneroj kaj la monbiletoj restas ankoraŭ nealjuĝitaj.
eo1195	12	cv	La institucioj dividiĝas en diversaj branĉoj inter ili jena: religiaj, edukaj, familiaj, ekonomiaj institucioj.
eo1196	12	originalaj-frazoj.txt	Ni renkontis la novan instruiston kaj liajn afablajn kolegojn.
eo1197	12	cv	Per tio ĝi estas la plej granda lepsika altlernejo.
eo1198	12	cv	Mi tute ne povis prononci ĝin do jen la voĉregistraĵo kaj mia minaco
eo1199	12	cv	La valoroj estas ĉie samvaloraj kiam ili rekte rilatas al la homoj.
eo1200	12	cv	He, he, princo, kiel facile estas vin trompi!
